-- MySQL dump exported from SQLite
-- Generated: 2026-04-04 15:49:30
-- Source: database/database.sqlite

SET NAMES utf8mb4;
SET FOREIGN_KEY_CHECKS = 0;

DROP TABLE IF EXISTS `accommodation_images`;
CREATE TABLE `accommodation_images` (`id` BIGINT UNSIGNED NOT NULL AUTO_INCREMENT PRIMARY KEY, `accommodation_id` BIGINT not null, `image_path` VARCHAR(255) not null, `created_at` datetime, `updated_at` datetime, foreign key(`accommodation_id`) references `accommodations`(`id`) on delete cascade) ENGINE=InnoDB DEFAULT CHARSET=utf8mb4 COLLATE=utf8mb4_unicode_ci;

INSERT INTO `accommodation_images` (`id`, `accommodation_id`, `image_path`, `created_at`, `updated_at`) VALUES
(1, 1, 'accommodations/JmpNefBXQA4e9YQ5sZim8boMGttrO2nUTo3kMIPI.jpg', '2026-03-31 12:36:07', '2026-03-31 12:36:07'),
(2, 1, 'accommodations/olU2N1yUihT8S2t0F9wszPVn8q6IJGGvKPDpzmEf.jpg', '2026-03-31 12:36:07', '2026-03-31 12:36:07'),
(3, 1, 'accommodations/o2XqO1iL5HgzAIgissdhhIqPFswRSAzi11MTjlGu.png', '2026-03-31 12:36:07', '2026-03-31 12:36:07'),
(4, 2, 'accommodations/1mHWCry6qYMiTFC0Oid0S7GjahIGM8vhpMZFlkJw.png', '2026-03-31 15:35:07', '2026-03-31 15:35:07'),
(5, 3, 'accommodations/UvKwSKHntNxzsFMSDnyhpys2EpI17ijz16Jwub5v.jpg', '2026-03-31 15:36:44', '2026-03-31 15:36:44'),
(6, 3, 'accommodations/3uMgXzDt3GKCkqAGwk8sqteNDZuWElnOPD8PRKYZ.jpg', '2026-03-31 15:36:44', '2026-03-31 15:36:44');

DROP TABLE IF EXISTS `accommodations`;
CREATE TABLE `accommodations` (`id` BIGINT UNSIGNED NOT NULL AUTO_INCREMENT PRIMARY KEY, `name` VARCHAR(255) not null, `description` text, `category` VARCHAR(255) not null, `country_id` BIGINT not null, `destination_id` BIGINT not null, `created_at` datetime, `updated_at` datetime, `slug` VARCHAR(255), `name_translations` text, `description_translations` text, `meta_title` VARCHAR(255), `meta_description` text, `meta_keywords` VARCHAR(255), `og_image` VARCHAR(255), foreign key(`country_id`) references `countries`(`id`) on delete cascade, foreign key(`destination_id`) references `destinations`(`id`) on delete cascade) ENGINE=InnoDB DEFAULT CHARSET=utf8mb4 COLLATE=utf8mb4_unicode_ci;

INSERT INTO `accommodations` (`id`, `name`, `description`, `category`, `country_id`, `destination_id`, `created_at`, `updated_at`, `slug`, `name_translations`, `description_translations`, `meta_title`, `meta_description`, `meta_keywords`, `og_image`) VALUES
(1, 'Moivaro Arusha Lodge', 'Spacious thatched brick cottages are set in a lovely tropical garden, with private verandas to gaurantee every visitor all the privacy needed. Relax and enjoy the beautiful vista of Mount Meru from the comfortable veranda, go for a stroll around the Moivaro property walking trail, or laze at the pool nestling in the midst of tropical trees and coffee plants. Spacious rooms with fireplace, en-suite bathroom, desk, single or double beds, mosquito nets, ceiling fan, and a private veranda', 'luxury', 1, 4, '2026-03-31 12:36:07', '2026-03-31 12:36:07', NULL, NULL, NULL, NULL, NULL, NULL, NULL),
(2, 'Africa Safari Karatu', NULL, 'luxury', 1, 4, '2026-03-31 15:35:07', '2026-03-31 15:35:07', NULL, NULL, NULL, NULL, NULL, NULL, NULL),
(3, 'Zuri Serengeti Camp', NULL, 'luxury', 1, 1, '2026-03-31 15:36:44', '2026-03-31 15:36:44', NULL, NULL, NULL, NULL, NULL, NULL, NULL);

DROP TABLE IF EXISTS `agents`;
CREATE TABLE `agents` (`id` BIGINT UNSIGNED NOT NULL AUTO_INCREMENT PRIMARY KEY, `user_id` BIGINT not null, `company_name` VARCHAR(255), `phone` VARCHAR(255), `country` VARCHAR(255), `commission_rate` DECIMAL(10,2) not null default '10', `status` VARCHAR(255) CHECK (status in ('pending', 'active', 'suspended')) not null default 'pending', `created_at` datetime, `updated_at` datetime, foreign key(`user_id`) references `users`(`id`) on delete cascade) ENGINE=InnoDB DEFAULT CHARSET=utf8mb4 COLLATE=utf8mb4_unicode_ci;

INSERT INTO `agents` (`id`, `user_id`, `company_name`, `phone`, `country`, `commission_rate`, `status`, `created_at`, `updated_at`) VALUES
(1, 2, 'town colors', '+255758273300', 'Tanzania', 30, 'active', '2026-04-01 15:17:38', '2026-04-01 16:46:25');

DROP TABLE IF EXISTS `author_profiles`;
CREATE TABLE `author_profiles` (`id` BIGINT UNSIGNED NOT NULL AUTO_INCREMENT PRIMARY KEY, `user_id` BIGINT, `name` VARCHAR(255) not null, `title` VARCHAR(255), `photo` VARCHAR(255), `bio` text, `linkedin_url` VARCHAR(255), `twitter_url` VARCHAR(255), `expertise` VARCHAR(255), `years_experience` BIGINT, `is_active` TINYINT(1) not null default '1', `created_at` datetime, `updated_at` datetime, foreign key(`user_id`) references `users`(`id`) on delete set null) ENGINE=InnoDB DEFAULT CHARSET=utf8mb4 COLLATE=utf8mb4_unicode_ci;


DROP TABLE IF EXISTS `blog_categories`;
CREATE TABLE `blog_categories` (`id` BIGINT UNSIGNED NOT NULL AUTO_INCREMENT PRIMARY KEY, `name` text not null, `slug` VARCHAR(255) not null, `sort_order` BIGINT not null default '0', `created_at` datetime, `updated_at` datetime) ENGINE=InnoDB DEFAULT CHARSET=utf8mb4 COLLATE=utf8mb4_unicode_ci;


DROP TABLE IF EXISTS `bookings`;
CREATE TABLE `bookings` (`id` BIGINT UNSIGNED NOT NULL AUTO_INCREMENT PRIMARY KEY, `agent_id` BIGINT not null, `safari_package_id` BIGINT, `client_name` VARCHAR(255) not null, `client_email` VARCHAR(255) not null, `client_phone` VARCHAR(255), `travel_date` date not null, `num_people` BIGINT not null default ('1'), `total_price` DECIMAL(10,2) not null default ('0'), `commission_amount` DECIMAL(10,2) not null default ('0'), `status` VARCHAR(255) not null default ('pending'), `notes` text, `created_at` datetime, `updated_at` datetime, foreign key(`safari_package_id`) references safari_packages(`id`) on delete cascade on update no action, foreign key(`agent_id`) references agents(`id`) on delete cascade on update no action) ENGINE=InnoDB DEFAULT CHARSET=utf8mb4 COLLATE=utf8mb4_unicode_ci;

INSERT INTO `bookings` (`id`, `agent_id`, `safari_package_id`, `client_name`, `client_email`, `client_phone`, `travel_date`, `num_people`, `total_price`, `commission_amount`, `status`, `notes`, `created_at`, `updated_at`) VALUES
(1, 1, 3, 'Roger Emmanuel', 'Roger@SafarisWithAHeart.com', '0754853391', '2026-04-23 00:00:00', 1, 0, 0, 'pending', NULL, '2026-04-01 15:37:49', '2026-04-01 15:37:49'),
(2, 1, NULL, 'Roger Emmanuel', 'Roger@SafarisWithAHeart.com', '+27 458781324565', '2026-04-17 00:00:00', 2, 7000, 700, 'confirmed', 'Custom safari: 4 dats', '2026-04-01 16:41:12', '2026-04-01 16:41:12');

DROP TABLE IF EXISTS `cache`;
CREATE TABLE `cache` (`key` VARCHAR(255) not null, `value` text not null, `expiration` BIGINT not null, primary key (`key`)) ENGINE=InnoDB DEFAULT CHARSET=utf8mb4 COLLATE=utf8mb4_unicode_ci;


DROP TABLE IF EXISTS `cache_locks`;
CREATE TABLE `cache_locks` (`key` VARCHAR(255) not null, `owner` VARCHAR(255) not null, `expiration` BIGINT not null, primary key (`key`)) ENGINE=InnoDB DEFAULT CHARSET=utf8mb4 COLLATE=utf8mb4_unicode_ci;


DROP TABLE IF EXISTS `categories`;
CREATE TABLE `categories` (`id` BIGINT UNSIGNED NOT NULL AUTO_INCREMENT PRIMARY KEY, `name` VARCHAR(255) not null, `slug` VARCHAR(255) not null, `created_at` datetime, `updated_at` datetime, `description` text, `featured_image` VARCHAR(255), `name_translations` text, `description_translations` text, `meta_title` VARCHAR(255), `meta_description` text, `meta_keywords` VARCHAR(255), `og_image` VARCHAR(255)) ENGINE=InnoDB DEFAULT CHARSET=utf8mb4 COLLATE=utf8mb4_unicode_ci;

INSERT INTO `categories` (`id`, `name`, `slug`, `created_at`, `updated_at`, `description`, `featured_image`, `name_translations`, `description_translations`, `meta_title`, `meta_description`, `meta_keywords`, `og_image`) VALUES
(1, 'Luxury Safari', 'luxury', '2026-03-31 09:00:03', '2026-04-02 16:08:35', NULL, NULL, '{"fr":"Safari de luxe","de":"Luxus-Safari","es":"Safari de lujo"}', NULL, NULL, NULL, NULL, NULL);

DROP TABLE IF EXISTS `countries`;
CREATE TABLE `countries` (`id` BIGINT UNSIGNED NOT NULL AUTO_INCREMENT PRIMARY KEY, `name` VARCHAR(255) not null, `slug` VARCHAR(255) not null, `description` text, `featured_image` VARCHAR(255), `created_at` datetime, `updated_at` datetime, `latitude` DECIMAL(10,2), `longitude` DECIMAL(10,2), `meta_title` VARCHAR(255), `meta_description` VARCHAR(255), `meta_keywords` VARCHAR(255), `og_image` VARCHAR(255)) ENGINE=InnoDB DEFAULT CHARSET=utf8mb4 COLLATE=utf8mb4_unicode_ci;

INSERT INTO `countries` (`id`, `name`, `slug`, `description`, `featured_image`, `created_at`, `updated_at`, `latitude`, `longitude`, `meta_title`, `meta_description`, `meta_keywords`, `og_image`) VALUES
(1, 'Tanzania', 'tanzania', NULL, 'countries/b3pjg3h4UktOoCh0ISZ9YcnsiEocC599rWwqrfkp.png', '2026-03-27 07:37:38', '2026-03-27 10:42:09', -6.270353, 34.823454, NULL, NULL, NULL, NULL);

DROP TABLE IF EXISTS `country_safari_package`;
CREATE TABLE `country_safari_package` (`country_id` BIGINT not null, `safari_package_id` BIGINT not null, foreign key(`country_id`) references `countries`(`id`) on delete cascade, foreign key(`safari_package_id`) references `safari_packages`(`id`) on delete cascade, primary key (`country_id`, `safari_package_id`)) ENGINE=InnoDB DEFAULT CHARSET=utf8mb4 COLLATE=utf8mb4_unicode_ci;

INSERT INTO `country_safari_package` (`country_id`, `safari_package_id`) VALUES
(1, 2),
(1, 3);

DROP TABLE IF EXISTS `destination_safari_package`;
CREATE TABLE `destination_safari_package` (`destination_id` BIGINT not null, `safari_package_id` BIGINT not null, foreign key(`destination_id`) references `destinations`(`id`) on delete cascade, foreign key(`safari_package_id`) references `safari_packages`(`id`) on delete cascade, primary key (`destination_id`, `safari_package_id`)) ENGINE=InnoDB DEFAULT CHARSET=utf8mb4 COLLATE=utf8mb4_unicode_ci;

INSERT INTO `destination_safari_package` (`destination_id`, `safari_package_id`) VALUES
(4, 2),
(3, 2),
(5, 2),
(4, 3),
(1, 3),
(2, 3);

DROP TABLE IF EXISTS `destinations`;
CREATE TABLE `destinations` (`id` BIGINT UNSIGNED NOT NULL AUTO_INCREMENT PRIMARY KEY, `country_id` BIGINT not null, `name` VARCHAR(255) not null, `slug` VARCHAR(255) not null, `description` text, `featured_image` VARCHAR(255), `created_at` datetime, `updated_at` datetime, `latitude` DECIMAL(10,2), `longitude` DECIMAL(10,2), `name_translations` text, `description_translations` text, `meta_title` VARCHAR(255), `meta_description` VARCHAR(255), `meta_keywords` VARCHAR(255), `og_image` VARCHAR(255), foreign key(`country_id`) references `countries`(`id`) on delete cascade) ENGINE=InnoDB DEFAULT CHARSET=utf8mb4 COLLATE=utf8mb4_unicode_ci;

INSERT INTO `destinations` (`id`, `country_id`, `name`, `slug`, `description`, `featured_image`, `created_at`, `updated_at`, `latitude`, `longitude`, `name_translations`, `description_translations`, `meta_title`, `meta_description`, `meta_keywords`, `og_image`) VALUES
(1, 1, 'Serengeti National Park', 'serengeti-national-park', NULL, 'destinations/WN835Z2GeGeJr8burSgC4Vkk5QgGSc9DkJzzlfi0.jpg', '2026-03-27 07:38:03', '2026-03-31 17:04:23', -2.333129618758, 34.833301110211, NULL, NULL, NULL, NULL, NULL, NULL),
(2, 1, 'Ngorongoro Crater', 'ngorongoro-crater', 'Ngorongoro Crater is one of the world’s largest intact volcanic calderas and a UNESCO World Heritage Site. Often referred to as “Africa’s Garden of Eden,” it hosts a dense population of wildlife including lions, rhinos, elephants, buffalos, and hippos. The crater’s unique ecosystem makes it a must-see on any Tanzania safari. With a mix of grasslands, forests, and lakes, it offers incredible game viewing all year round. The dry season (June to October) is best for visibility, while the green season (November to May) offers dramatic scenery.', 'destinations/HqMdNiFFepcNlQDKolaeVnfaIAzZbMkF1bHvBh4n.jpg', '2026-03-27 09:08:16', '2026-03-28 10:50:23', -3.1678071740471, 35.574599715477, NULL, NULL, NULL, NULL, NULL, NULL),
(3, 1, 'Arusha National Park', 'arusha-national-park', NULL, 'destinations/UjfJnNP4B26JfubB7AGOMygoTKZHBj2VgrrbVF6j.jpg', '2026-03-27 09:09:34', '2026-03-27 10:45:02', -3.2618037097742, 36.845206772718, NULL, NULL, NULL, NULL, NULL, NULL),
(4, 1, 'Arusha', 'arusha', NULL, 'destinations/BuM271d9OojuksaVdn77Djn9f7B58dSLRDxMmUfi.jpg', '2026-03-27 11:31:14', '2026-03-27 11:31:14', -3.369683, 36.688079, NULL, NULL, NULL, NULL, NULL, NULL),
(5, 1, 'Tarangire National Park', 'tarangire-national-park', NULL, 'destinations/FLPYMMs6VLHRHfbPIaBRrr9KdIh0OZtrKWRVHW57.jpg', '2026-03-27 11:34:18', '2026-03-27 11:34:18', -4.1626516815293, 36.089850597122, NULL, NULL, NULL, NULL, NULL, NULL),
(6, 1, 'Lake Manyara National Park', 'lake-manyara-national-park', NULL, 'destinations/FLPYMMs6VLHRHfbPIaBRrr9KdIh0OZtrKWRVHW57.jpg', '2026-03-27 12:36:52', '2026-04-02 12:01:28', -3.6076306401739, 35.757644630691, '{"fr":"Parc national du lac Manyara","de":"Lake Manyara Nationalpark","es":"Parque nacional del Lago Manyara"}', NULL, NULL, NULL, NULL, NULL);

DROP TABLE IF EXISTS `failed_jobs`;
CREATE TABLE `failed_jobs` (`id` BIGINT UNSIGNED NOT NULL AUTO_INCREMENT PRIMARY KEY, `uuid` VARCHAR(255) not null, `connection` text not null, `queue` text not null, `payload` text not null, `exception` text not null, `failed_at` datetime not null default CURRENT_TIMESTAMP) ENGINE=InnoDB DEFAULT CHARSET=utf8mb4 COLLATE=utf8mb4_unicode_ci;


DROP TABLE IF EXISTS `hero_settings`;
CREATE TABLE `hero_settings` (`id` BIGINT UNSIGNED NOT NULL AUTO_INCREMENT PRIMARY KEY, `background_video` VARCHAR(255), `video_poster` VARCHAR(255), `overlay_opacity` DECIMAL(10,2) not null default '0.5', `autoplay` TINYINT(1) not null default '1', `transition_speed` BIGINT not null default '5000', `created_at` datetime, `updated_at` datetime) ENGINE=InnoDB DEFAULT CHARSET=utf8mb4 COLLATE=utf8mb4_unicode_ci;

INSERT INTO `hero_settings` (`id`, `background_video`, `video_poster`, `overlay_opacity`, `autoplay`, `transition_speed`, `created_at`, `updated_at`) VALUES
(1, 'accommodations/olU2N1yUihT8S2t0F9wszPVn8q6IJGGvKPDpzmEf.jpg', 'safaris/Sy6BdtdamfKGcVioraGTB6dbwtjfjZwRwVyYibru.png', 0.5, 1, 5000, '2026-04-02 23:42:57', '2026-04-02 23:43:19');

DROP TABLE IF EXISTS `hero_slides`;
CREATE TABLE `hero_slides` (`id` BIGINT UNSIGNED NOT NULL AUTO_INCREMENT PRIMARY KEY, `page_section_id` BIGINT not null, `label` text, `title` text, `subtitle` text, `image` VARCHAR(255), `button_text` text, `button_link` VARCHAR(255), `next_up_text` text, `bg_color` VARCHAR(255), `bg_image` VARCHAR(255), `image_alt` VARCHAR(255), `order` BIGINT not null default '0', `created_at` datetime, `updated_at` datetime, foreign key(`page_section_id`) references `page_sections`(`id`) on delete cascade) ENGINE=InnoDB DEFAULT CHARSET=utf8mb4 COLLATE=utf8mb4_unicode_ci;

INSERT INTO `hero_slides` (`id`, `page_section_id`, `label`, `title`, `subtitle`, `image`, `button_text`, `button_link`, `next_up_text`, `bg_color`, `bg_image`, `image_alt`, `order`, `created_at`, `updated_at`) VALUES
(2, 13, '{"en":"LUXURY COLLECTION","fr":"COLLECTION LUXE","de":"LUXUS-KOLLEKTION","es":"COLECCI\u00d3N DE LUJO"}', '{"en":"Discover the Wild Heart of Tanzania","fr":"D\u00e9couvrez le C\u0153ur Sauvage de la Tanzanie","de":"Entdecken Sie das Wilde Herz Tansanias","es":"Descubra el Coraz\u00f3n Salvaje de Tanzania"}', '{"en":"Handcrafted luxury safaris through the Serengeti, Ngorongoro Crater, and beyond","fr":"Safaris de luxe sur mesure \u00e0 travers le Serengeti, le crat\u00e8re du Ngorongoro et au-del\u00e0","de":"Handgefertigte Luxus-Safaris durch die Serengeti, den Ngorongoro-Krater und dar\u00fcber hinaus","es":"Safaris de lujo artesanales por el Serengeti, el cr\u00e1ter del Ngorongoro y m\u00e1s all\u00e1"}', NULL, '{"en":"Explore Safaris","fr":"Explorer les Safaris","de":"Safaris Entdecken","es":"Explorar Safaris"}', '/en/safaris', '{"en":"Luxury Private Journeys","fr":"Voyages Priv\u00e9s de Luxe","de":"Luxus-Privatreisen","es":"Viajes Privados de Lujo"}', '#083321', NULL, 'Luxury safari in the Serengeti', 0, '2026-04-04 09:27:46', '2026-04-04 09:32:52'),
(3, 13, '{"en":"NEW EXPERIENCE","fr":"NOUVELLE EXP\u00c9RIENCE","de":"NEUES ERLEBNIS","es":"NUEVA EXPERIENCIA"}', '{"en":"Witness the Great Migration","fr":"Assistez \u00e0 la Grande Migration","de":"Erleben Sie die Gro\u00dfe Migration","es":"Sea Testigo de la Gran Migraci\u00f3n"}', '{"en":"Follow millions of wildebeest across the endless Serengeti plains","fr":"Suivez des millions de gnous \u00e0 travers les plaines infinies du Serengeti","de":"Folgen Sie Millionen von Gnus \u00fcber die endlosen Serengeti-Ebenen","es":"Siga millones de \u00f1us a trav\u00e9s de las interminables llanuras del Serengeti"}', NULL, '{"en":"View Migration Safaris","fr":"Voir les Safaris Migration","de":"Migrations-Safaris Ansehen","es":"Ver Safaris de Migraci\u00f3n"}', '/en/safaris', '{"en":"Zanzibar Beach Escape","fr":"Escapade Baln\u00e9aire \u00e0 Zanzibar","de":"Zanzibar Strandausflug","es":"Escapada a la Playa de Zanz\u00edbar"}', '#131414', NULL, 'Great wildebeest migration in Tanzania', 1, '2026-04-04 09:27:46', '2026-04-04 09:32:52'),
(4, 13, '{"en":"EXCLUSIVE","fr":"EXCLUSIF","de":"EXKLUSIV","es":"EXCLUSIVO"}', '{"en":"Zanzibar \u2014 Where Safari Meets the Sea","fr":"Zanzibar \u2014 O\u00f9 le Safari Rencontre la Mer","de":"Sansibar \u2014 Wo Safari das Meer Trifft","es":"Zanz\u00edbar \u2014 Donde el Safari se Encuentra con el Mar"}', '{"en":"End your adventure on pristine white-sand beaches and turquoise waters","fr":"Terminez votre aventure sur des plages de sable blanc immacul\u00e9","de":"Beenden Sie Ihr Abenteuer an unber\u00fchrten wei\u00dfen Sandstr\u00e4nden","es":"Termine su aventura en playas de arena blanca pr\u00edstina"}', NULL, '{"en":"Discover Zanzibar","fr":"D\u00e9couvrir Zanzibar","de":"Sansibar Entdecken","es":"Descubrir Zanz\u00edbar"}', '/en/safaris', '{"en":"Serengeti Luxury Camp","fr":"Camp de Luxe Serengeti","de":"Serengeti Luxus-Camp","es":"Campamento de Lujo Serengeti"}', '#083321', NULL, 'Zanzibar beach tropical paradise', 2, '2026-04-04 09:27:46', '2026-04-04 09:32:52');

DROP TABLE IF EXISTS `inquiries`;
CREATE TABLE `inquiries` (`id` BIGINT UNSIGNED NOT NULL AUTO_INCREMENT PRIMARY KEY, `safari_package_id` BIGINT, `name` VARCHAR(255) not null, `email` VARCHAR(255) not null, `phone` VARCHAR(255), `country` VARCHAR(255), `travel_date` date, `number_of_people` BIGINT, `message` text, `status` VARCHAR(255) not null default 'new', `created_at` datetime, `updated_at` datetime, `inquiry_type` VARCHAR(255) not null default 'inquiry', `contact_methods` text, foreign key(`safari_package_id`) references `safari_packages`(`id`) on delete set null) ENGINE=InnoDB DEFAULT CHARSET=utf8mb4 COLLATE=utf8mb4_unicode_ci;

INSERT INTO `inquiries` (`id`, `safari_package_id`, `name`, `email`, `phone`, `country`, `travel_date`, `number_of_people`, `message`, `status`, `created_at`, `updated_at`, `inquiry_type`, `contact_methods`) VALUES
(1, 2, 'Roger Emmanuel', 'Roger@SafarisWithAHeart.com', +255754853391, 'Tanzania', '2026-04-09 00:00:00', 3, 'sddssdsd', 'contacted', '2026-03-29 09:17:07', '2026-03-29 09:20:06', 'inquiry', NULL),
(2, 3, 'Mr Roger Emmanuel', 'scopkariah@gmail.com', '+255 758273300', NULL, NULL, NULL, 'axsdsdsdsdsdsd', 'new', '2026-03-31 15:30:11', '2026-03-31 15:30:11', 'inquiry', NULL);

DROP TABLE IF EXISTS `itineraries`;
CREATE TABLE `itineraries` (`id` BIGINT UNSIGNED NOT NULL AUTO_INCREMENT PRIMARY KEY, `safari_package_id` BIGINT not null, `day_number` BIGINT not null, `title` VARCHAR(255) not null, `description` text, `accommodation` VARCHAR(255), `created_at` datetime, `updated_at` datetime, `destination_id` BIGINT, `accommodation_id` BIGINT, `image_path` VARCHAR(255), `title_translations` text, `description_translations` text, foreign key(`destination_id`) references destinations(`id`) on delete set null on update no action, foreign key(`safari_package_id`) references safari_packages(`id`) on delete cascade on update no action, foreign key(`accommodation_id`) references `accommodations`(`id`) on delete set null) ENGINE=InnoDB DEFAULT CHARSET=utf8mb4 COLLATE=utf8mb4_unicode_ci;

INSERT INTO `itineraries` (`id`, `safari_package_id`, `day_number`, `title`, `description`, `accommodation`, `created_at`, `updated_at`, `destination_id`, `accommodation_id`, `image_path`, `title_translations`, `description_translations`) VALUES
(283, 2, 1, 'ARRIVAL DAY', 'Upon arrival at the airport, you will be greeted by a professional guide who will be waiting to assist you. After your long flight, we offer a selection of coffee, tea, or hot chocolate, served with delicious snacks to help you refresh. You will then be driven to your hotel for further relaxation. In the evening, your guide will provide a safari briefing to prepare you for the exciting journey ahead.', NULL, '2026-04-02 23:55:49', '2026-04-02 23:55:49', 4, NULL, NULL, '{"fr":"Date d''arriv\u00e9e","de":"Anreisetag g\u00fcltig","es":"Fecha de llegada:"}', '{"fr":"\u00c0 votre arriv\u00e9e \u00e0 l''a\u00e9roport, vous serez accueilli par un guide professionnel qui vous attendra pour vous aider. Apr\u00e8s votre long vol, nous vous proposons une s\u00e9lection de caf\u00e9, de th\u00e9 ou de chocolat chaud, servis avec de d\u00e9licieuses collations pour vous aider \u00e0 vous rafra\u00eechir. Vous serez ensuite conduit \u00e0 votre h\u00f4tel pour vous d\u00e9tendre davantage. Dans la soir\u00e9e, votre guide vous donnera un briefing sur le safari pour vous pr\u00e9parer au voyage passionnant qui vous attend.","de":"Bei Ihrer Ankunft am Flughafen werden Sie von einem professionellen Reiseleiter begr\u00fc\u00dft, der Ihnen gerne behilflich ist. Nach Ihrem langen Flug bieten wir Ihnen eine Auswahl an Kaffee, Tee oder hei\u00dfer Schokolade, serviert mit leckeren Snacks zur Erfrischung. Anschlie\u00dfend werden Sie zur weiteren Entspannung zu Ihrem Hotel gefahren. Am Abend bietet Ihnen Ihr Reiseleiter ein Safari-Briefing an, um Sie auf die aufregende Reise vorzubereiten.","es":"Al llegar al aeropuerto, ser\u00e1s recibido por un gu\u00eda profesional que te estar\u00e1 esperando para ayudarte. Despu\u00e9s de su largo vuelo, ofrecemos una selecci\u00f3n de caf\u00e9, t\u00e9 o chocolate caliente, servido con deliciosos bocadillos para ayudarlo a refrescarse. A continuaci\u00f3n, nos dirigiremos a nuestro hotel para relajarnos. Por la noche, el gu\u00eda ofrecer\u00e1 una sesi\u00f3n informativa de safari para prepararnos para el emocionante viaje que tenemos por delante."}'),
(284, 2, 2, 'ARUSHA NATIONAL PARK', 'After a leisurely breakfast at the lodge, you will receive a brief safari orientation, where we’ll cover all the essential information and answer any questions you may have about your upcoming adventure.

We will pack a delicious hot lunch in our picnic hamper before heading to our first destination—Arusha National Park.

Lunch will be served in the afternoon at one of the scenic picnic sites, accompanied by your choice of coffee, tea, hot chocolate, or soft drinks.

Day’s Highlight
Game drive in Arusha National Park, with a nature walking safari.', NULL, '2026-04-02 23:55:49', '2026-04-02 23:55:49', 3, NULL, NULL, NULL, NULL),
(285, 2, 3, 'TARANGIRE NATIONAL PARK', 'After a hearty breakfast, your driver-guide will pick you up from the hotel for a scenic drive to Tarangire National Park, famously known as the "Land of Giants" because of its impressive elephant herds. As we explore the vast savannahs and iconic baobab landscapes, you''ll have the chance to see a variety of wildlife, including lions, leopards, giraffes, zebras, and numerous bird species.

Around midday, we''ll enjoy a packed lunch in a beautiful setting, surrounded by nature. Afterward, we’ll continue our journey to your lodge in Karatu, where you''ll be treated to a delicious dinner and a restful overnight stay.

Meals plan: Full Board', NULL, '2026-04-02 23:55:49', '2026-04-02 23:55:49', 5, NULL, NULL, NULL, NULL),
(286, 2, 4, 'KARATU - SERENGETI NATIONAL PARK', 'Start your day with a delicious breakfast at the lodge, then depart with a packed lunch as we journey into the legendary Serengeti National Park. Enjoy an exhilarating day of game drives, where you’ll have the opportunity to spot the Big Five and a variety of other wildlife roaming the vast savannah.

Take a break to enjoy your packed lunch within the park’s stunning landscapes before continuing your adventure. In the evening, we’ll head to the camp, where a delicious dinner awaits, and you can unwind, ready for another exciting day of exploration.

Meals plan: Full Board', NULL, '2026-04-02 23:55:49', '2026-04-02 23:55:49', 5, NULL, NULL, NULL, NULL),
(287, 3, 1, 'ARRIVAL DAY', 'Upon arrival at the airport, you will be greeted by a professional guide who will be waiting to assist you. After your long flight, we offer a selection of coffee, tea, or hot chocolate, served with delicious snacks to help you refresh. You will then be driven to your hotel for further relaxation. In the evening, your guide will provide a safari briefing to prepare you for the exciting journey ahead.', NULL, '2026-04-03 07:27:12', '2026-04-03 07:27:12', 4, 1, 'safaris/Sy6BdtdamfKGcVioraGTB6dbwtjfjZwRwVyYibru.png', '{"fr":"Date d''arriv\u00e9e","de":"Anreisetag g\u00fcltig","es":"Fecha de llegada:"}', '{"fr":"\u00c0 votre arriv\u00e9e \u00e0 l''a\u00e9roport, vous serez accueilli par un guide professionnel qui vous attendra pour vous aider. Apr\u00e8s votre long vol, nous vous proposons une s\u00e9lection de caf\u00e9, de th\u00e9 ou de chocolat chaud, servis avec de d\u00e9licieuses collations pour vous aider \u00e0 vous rafra\u00eechir. Vous serez ensuite conduit \u00e0 votre h\u00f4tel pour vous d\u00e9tendre davantage. Dans la soir\u00e9e, votre guide vous donnera un briefing sur le safari pour vous pr\u00e9parer au voyage passionnant qui vous attend.","de":"Bei Ihrer Ankunft am Flughafen werden Sie von einem professionellen Reiseleiter begr\u00fc\u00dft, der Ihnen gerne behilflich ist. Nach Ihrem langen Flug bieten wir Ihnen eine Auswahl an Kaffee, Tee oder hei\u00dfer Schokolade, serviert mit leckeren Snacks zur Erfrischung. Anschlie\u00dfend werden Sie zur weiteren Entspannung zu Ihrem Hotel gefahren. Am Abend bietet Ihnen Ihr Reiseleiter ein Safari-Briefing an, um Sie auf die aufregende Reise vorzubereiten.","es":"Al llegar al aeropuerto, ser\u00e1s recibido por un gu\u00eda profesional que te estar\u00e1 esperando para ayudarte. Despu\u00e9s de su largo vuelo, ofrecemos una selecci\u00f3n de caf\u00e9, t\u00e9 o chocolate caliente, servido con deliciosos bocadillos para ayudarlo a refrescarse. A continuaci\u00f3n, nos dirigiremos a nuestro hotel para relajarnos. Por la noche, el gu\u00eda ofrecer\u00e1 una sesi\u00f3n informativa de safari para prepararnos para el emocionante viaje que tenemos por delante."}'),
(288, 3, 2, 'TARANGIRE NATIONAL PARK', 'After a hearty breakfast, your driver-guide will pick you up from the hotel for a scenic drive to Tarangire National Park, famously known as the "Land of Giants" for its impressive elephant herds. As we explore the vast savannahs and baobab landscapes, you''ll encounter diverse wildlife, including lions, leopards, giraffes, zebras, and a variety of bird species. In the middle of the day, you''ll enjoy a packed lunch amidst the stunning surroundings. Afterward, we''ll head to your lodge in Karatu for a delicious dinner and a restful overnight stay.', NULL, '2026-04-03 07:27:12', '2026-04-03 07:27:12', 4, 2, 'itineraries/TFWru34zhV3YuOgBJsvJyYiBCX5hHev7GnpOXpfn.jpg', '{"fr":"PARC NATIONAL DE TARANGIRE","de":"TARANGIRE-NATIONALPARK","es":"El Parque Nacional de Tarangire"}', NULL),
(289, 3, 3, 'KARATU - SERENGETI NATIONAL PARK', 'Following a delicious breakfast at the lodge, depart with a packed lunch and head into the iconic Serengeti National Park. Spend the day on thrilling game drives, spotting the Big Five and other wildlife across the vast Savannah. Enjoy your packed lunch in the park, then drive to the Camp in the evening for a delicious dinner and a restful night, ready for another exciting day ahead.', NULL, '2026-04-03 07:27:12', '2026-04-03 07:27:12', 1, 3, 'itineraries/wJ9r3hX7cwdkNsmH8K7VL88qGTPa8jZ2xh3w0WMy.jpg', '{"fr":"KARATU - PARC NATIONAL DU SERENGETI","de":"KARATU - SERENGETI-NATIONALPARK","es":"KARATU - PARQUE NACIONAL DEL SERENGETI"}', '{"fr":"Apr\u00e8s un d\u00e9licieux petit-d\u00e9jeuner au lodge, partez avec un panier-repas et dirigez-vous vers l''embl\u00e9matique parc national du Serengeti. Passez la journ\u00e9e sur des safaris passionnants, en apercevant les Big Five et d''autres animaux sauvages \u00e0 travers la vaste savane. Profitez de votre panier-repas dans le parc, puis dirigez-vous vers le camp dans la soir\u00e9e pour un d\u00e9licieux d\u00eener et une nuit reposante, pr\u00eat pour une autre journ\u00e9e passionnante \u00e0 venir.","de":"Nach einem k\u00f6stlichen Fr\u00fchst\u00fcck in der Lodge fahren Sie mit einem Lunchpaket in den legend\u00e4ren Serengeti-Nationalpark. Verbringen Sie den Tag auf spannenden Pirschfahrten und entdecken Sie die Big Five und andere Wildtiere in der weiten Savanne. Genie\u00dfen Sie Ihr Lunchpaket im Park und fahren Sie dann abends zum Camp f\u00fcr ein k\u00f6stliches Abendessen und eine erholsame Nacht, bereit f\u00fcr einen weiteren aufregenden Tag.","es":"Despu\u00e9s de un delicioso desayuno en el albergue, saldremos con un almuerzo para llevar y nos dirigiremos al emblem\u00e1tico Parque Nacional del Serengeti. Pasa el d\u00eda en emocionantes paseos de caza, observando a los Cinco Grandes y otros animales salvajes en la vasta sabana. Disfrute de su almuerzo para llevar en el parque, luego conduzca al campamento por la noche para disfrutar de una deliciosa cena y una noche de descanso, listo para otro emocionante d\u00eda por delante."}'),
(290, 3, 4, 'FULL DAY IN SERENGETI NATIONAL PARK', 'Ready for another full day in the iconic Serengeti, home to Africa’s Big Five and the awe-inspiring Great Migration. Enjoy exhilarating game drives across the endless plains, witnessing the incredible wildlife and natural beauty that make the Serengeti world-famous. As the day winds down, head back to your Camp for a peaceful evening, savoring a delicious dinner and reflecting on the unforgettable wildlife encounters and stunning landscapes you’ve experienced.', NULL, '2026-04-03 07:27:12', '2026-04-03 07:27:12', 1, 3, 'itineraries/uk3f81rGtyx0ofjGzG0pifZg0ze5UuXNkNNt9OTQ.jpg', '{"fr":"JOURN\u00c9E COMPL\u00c8TE DANS LE PARC NATIONAL DU SERENGETI","de":"GANZER TAG IM SERENGETI-NATIONALPARK","es":"D\u00cdA COMPLETO EN EL PARQUE NACIONAL DEL SERENGETI"}', '{"fr":"Pr\u00eat pour une autre journ\u00e9e compl\u00e8te dans l''embl\u00e9matique Serengeti, qui abrite les Big Five d''Afrique et l''impressionnante Grande Migration. Profitez de safaris exaltants \u00e0 travers les plaines sans fin, en admirant l''incroyable faune et la beaut\u00e9 naturelle qui font la renomm\u00e9e mondiale du Serengeti. \u00c0 la fin de la journ\u00e9e, retournez \u00e0 votre camp pour une soir\u00e9e paisible, savourant un d\u00e9licieux d\u00eener et r\u00e9fl\u00e9chissant aux rencontres inoubliables avec la faune et aux paysages \u00e9poustouflants que vous avez v\u00e9cus.","de":"Bereit f\u00fcr einen weiteren Tag in der legend\u00e4ren Serengeti, der Heimat von Afrikas Big Five und der beeindruckenden Great Migration. Genie\u00dfen Sie aufregende Pirschfahrten durch die endlosen Ebenen und erleben Sie die unglaubliche Tierwelt und nat\u00fcrliche Sch\u00f6nheit, die die Serengeti weltber\u00fchmt machen. Wenn der Tag zu Ende geht, kehren Sie zu Ihrem Camp zur\u00fcck, um einen ruhigen Abend zu verbringen, ein k\u00f6stliches Abendessen zu genie\u00dfen und \u00fcber die unvergesslichen Begegnungen mit Wildtieren und atemberaubenden Landschaften nachzudenken, die Sie erlebt haben.","es":"Listos para otro d\u00eda completo en el emblem\u00e1tico Serengeti, hogar de los Cinco Grandes de \u00c1frica y la impresionante Gran Migraci\u00f3n. Disfruta de emocionantes recorridos por las interminables llanuras, presenciando la incre\u00edble vida silvestre y la belleza natural que hacen que el Serengeti sea mundialmente famoso. Al terminar el d\u00eda, regresaremos al campamento para pasar una noche tranquila, saborear una deliciosa cena y reflexionar sobre los inolvidables encuentros con la vida silvestre y los impresionantes paisajes que hemos experimentado."}'),
(291, 3, 5, 'SERENGETI - NGORONGORO CRATER', 'Rise early for a hearty breakfast at your Camp, ready for another incredible day. Bid farewell to the Serengeti as you make your way to the breathtaking Ngorongoro Crater, a true wildlife paradise home to the Big Five and a variety of plains game. Explore the crater floor, immersing yourself in the sights and sounds of this unique ecosystem. Take a break for lunch at a picturesque picnic spot, surrounded by the serene beauty of nature.', NULL, '2026-04-03 07:27:12', '2026-04-03 07:27:12', 2, NULL, 'itineraries/J7j4r1j5TzoRrIkEhSDdgKAmHD3ZEdXGq13hhPMm.jpg', '{"fr":"SERENGETI - CRAT\u00c8RE NGORONGORO","de":"SERENGETI - NGORONGORO-KRATER","es":"SERENGETI - CR\u00c1TER DEL NGORONGORO"}', '{"fr":"Levez-vous t\u00f4t pour un copieux petit-d\u00e9jeuner \u00e0 votre camp, pr\u00eat pour une autre journ\u00e9e incroyable. Faites vos adieux au Serengeti en vous dirigeant vers l''\u00e9poustouflant crat\u00e8re du Ngorongoro, v\u00e9ritable paradis de la faune sauvage abritant les Big Five et une vari\u00e9t\u00e9 de gibiers des plaines. Explorez le fond du crat\u00e8re, immergez-vous dans les images et les sons de cet \u00e9cosyst\u00e8me unique. Faites une pause d\u00e9jeuner dans un lieu de pique-nique pittoresque, entour\u00e9 par la beaut\u00e9 sereine de la nature.","de":"Stehen Sie fr\u00fch auf f\u00fcr ein herzhaftes Fr\u00fchst\u00fcck in Ihrem Camp, bereit f\u00fcr einen weiteren unglaublichen Tag. Verabschieden Sie sich von der Serengeti, w\u00e4hrend Sie sich auf den Weg zum atemberaubenden Ngorongoro-Krater machen, einem wahren Tierparadies, in dem die Big Five und eine Vielzahl von Wildtieren leben. Erkunden Sie den Kraterboden und tauchen Sie ein in die Sehensw\u00fcrdigkeiten und Kl\u00e4nge dieses einzigartigen \u00d6kosystems. Machen Sie eine Pause zum Mittagessen an einem malerischen Picknickplatz, umgeben von der ruhigen Sch\u00f6nheit der Natur.","es":"Lev\u00e1ntate temprano para un buen desayuno en tu campamento, listo para otro d\u00eda incre\u00edble. Desp\u00eddete del Serengeti mientras te diriges al impresionante cr\u00e1ter del Ngorongoro, un verdadero para\u00edso de la vida silvestre que alberga a los Cinco Grandes y una variedad de juegos de llanuras. Explora el suelo del cr\u00e1ter y sum\u00e9rgete en las vistas y los sonidos de este ecosistema \u00fanico. Tomaremos un descanso para almorzar en un pintoresco lugar de picnic, rodeado de la serena belleza de la naturaleza."}'),
(292, 3, 6, 'SERENGETI - NGORONGORO CRATER', 'Rise early for a hearty breakfast at your Camp, ready for another incredible day. Bid farewell to the Serengeti as you make your way to the breathtaking Ngorongoro Crater, a true wildlife paradise home to the Big Five and a variety of plains game. Explore the crater floor, immersing yourself in the sights and sounds of this unique ecosystem. Take a break for lunch at a picturesque picnic spot, surrounded by the serene beauty of nature.', NULL, '2026-04-03 07:27:12', '2026-04-03 07:27:12', 2, NULL, 'itineraries/kFvof7ZxqkqqBaSmTn66QaXchejNGfWHvjCAud93.png', '{"fr":"SERENGETI - CRAT\u00c8RE NGORONGORO","de":"SERENGETI - NGORONGORO-KRATER","es":"SERENGETI - CR\u00c1TER DEL NGORONGORO"}', '{"fr":"Levez-vous t\u00f4t pour un copieux petit-d\u00e9jeuner \u00e0 votre camp, pr\u00eat pour une autre journ\u00e9e incroyable. Faites vos adieux au Serengeti en vous dirigeant vers l''\u00e9poustouflant crat\u00e8re du Ngorongoro, v\u00e9ritable paradis de la faune sauvage abritant les Big Five et une vari\u00e9t\u00e9 de gibiers des plaines. Explorez le fond du crat\u00e8re, immergez-vous dans les images et les sons de cet \u00e9cosyst\u00e8me unique. Faites une pause d\u00e9jeuner dans un lieu de pique-nique pittoresque, entour\u00e9 par la beaut\u00e9 sereine de la nature.","de":"Stehen Sie fr\u00fch auf f\u00fcr ein herzhaftes Fr\u00fchst\u00fcck in Ihrem Camp, bereit f\u00fcr einen weiteren unglaublichen Tag. Verabschieden Sie sich von der Serengeti, w\u00e4hrend Sie sich auf den Weg zum atemberaubenden Ngorongoro-Krater machen, einem wahren Tierparadies, in dem die Big Five und eine Vielzahl von Wildtieren leben. Erkunden Sie den Kraterboden und tauchen Sie ein in die Sehensw\u00fcrdigkeiten und Kl\u00e4nge dieses einzigartigen \u00d6kosystems. Machen Sie eine Pause zum Mittagessen an einem malerischen Picknickplatz, umgeben von der ruhigen Sch\u00f6nheit der Natur.","es":"Lev\u00e1ntate temprano para un buen desayuno en tu campamento, listo para otro d\u00eda incre\u00edble. Desp\u00eddete del Serengeti mientras te diriges al impresionante cr\u00e1ter del Ngorongoro, un verdadero para\u00edso de la vida silvestre que alberga a los Cinco Grandes y una variedad de juegos de llanuras. Explora el suelo del cr\u00e1ter y sum\u00e9rgete en las vistas y los sonidos de este ecosistema \u00fanico. Tomaremos un descanso para almorzar en un pintoresco lugar de picnic, rodeado de la serena belleza de la naturaleza."}');

DROP TABLE IF EXISTS `job_batches`;
CREATE TABLE `job_batches` (`id` VARCHAR(255) not null, `name` VARCHAR(255) not null, `total_jobs` BIGINT not null, `pending_jobs` BIGINT not null, `failed_jobs` BIGINT not null, `failed_job_ids` text not null, `options` text, `cancelled_at` BIGINT, `created_at` BIGINT not null, `finished_at` BIGINT, primary key (`id`)) ENGINE=InnoDB DEFAULT CHARSET=utf8mb4 COLLATE=utf8mb4_unicode_ci;


DROP TABLE IF EXISTS `jobs`;
CREATE TABLE `jobs` (`id` BIGINT UNSIGNED NOT NULL AUTO_INCREMENT PRIMARY KEY, `queue` VARCHAR(255) not null, `payload` text not null, `attempts` BIGINT not null, `reserved_at` BIGINT, `available_at` BIGINT not null, `created_at` BIGINT not null) ENGINE=InnoDB DEFAULT CHARSET=utf8mb4 COLLATE=utf8mb4_unicode_ci;


DROP TABLE IF EXISTS `languages`;
CREATE TABLE `languages` (`id` BIGINT UNSIGNED NOT NULL AUTO_INCREMENT PRIMARY KEY, `name` VARCHAR(255) not null, `code` VARCHAR(255) not null, `native_name` VARCHAR(255), `flag` VARCHAR(255), `is_default` TINYINT(1) not null default '0', `is_active` TINYINT(1) not null default '1', `sort_order` BIGINT not null default '0', `created_at` datetime, `updated_at` datetime) ENGINE=InnoDB DEFAULT CHARSET=utf8mb4 COLLATE=utf8mb4_unicode_ci;

INSERT INTO `languages` (`id`, `name`, `code`, `native_name`, `flag`, `is_default`, `is_active`, `sort_order`, `created_at`, `updated_at`) VALUES
(1, 'English', 'en', 'English', '🇬🇧', 1, 1, 0, '2026-04-02 14:39:40', '2026-04-02 14:39:40'),
(2, 'French', 'fr', 'Français', '🇫🇷', 0, 1, 1, '2026-04-02 14:39:40', '2026-04-02 14:39:40'),
(3, 'German', 'de', 'Deutsch', '🇩🇪', 0, 1, 2, '2026-04-02 14:39:40', '2026-04-02 14:39:40'),
(4, 'Spanish', 'es', 'Español', '🇪🇸', 0, 1, 3, '2026-04-02 14:39:40', '2026-04-02 14:39:40');

DROP TABLE IF EXISTS `media`;
CREATE TABLE `media` (`id` BIGINT UNSIGNED NOT NULL AUTO_INCREMENT PRIMARY KEY, `filename` VARCHAR(255) not null, `path` VARCHAR(255) not null, `mime_type` VARCHAR(255), `size` BIGINT not null default '0', `alt_text` VARCHAR(255), `disk` VARCHAR(255) not null default 'public', `created_at` datetime, `updated_at` datetime) ENGINE=InnoDB DEFAULT CHARSET=utf8mb4 COLLATE=utf8mb4_unicode_ci;

INSERT INTO `media` (`id`, `filename`, `path`, `mime_type`, `size`, `alt_text`, `disk`, `created_at`, `updated_at`) VALUES
(1, 'SBT_172_original.webp', 'media/w3hC9c76LOmYxt3wtGRMYA6rgokYd9tlKSKx6cFs.webp', 'image/webp', 186468, NULL, 'public', '2026-04-02 00:34:53', '2026-04-02 00:34:53'),
(2, 'Sy6BdtdamfKGcVioraGTB6dbwtjfjZwRwVyYibru.png', 'safaris/Sy6BdtdamfKGcVioraGTB6dbwtjfjZwRwVyYibru.png', 'image/png', 389958, NULL, 'public', '2026-04-02 02:45:02', '2026-04-02 02:45:02'),
(3, 'J19HK7oWEeDQ2jyYrkRS7oFF5wmoPG1KiFNTSllc.png', 'safaris/J19HK7oWEeDQ2jyYrkRS7oFF5wmoPG1KiFNTSllc.png', 'image/png', 509827, NULL, 'public', '2026-04-02 02:45:02', '2026-04-02 02:45:02'),
(4, 'b3pjg3h4UktOoCh0ISZ9YcnsiEocC599rWwqrfkp.png', 'countries/b3pjg3h4UktOoCh0ISZ9YcnsiEocC599rWwqrfkp.png', 'image/png', 803539, NULL, 'public', '2026-04-02 02:45:02', '2026-04-02 02:45:02'),
(5, 'WN835Z2GeGeJr8burSgC4Vkk5QgGSc9DkJzzlfi0.jpg', 'destinations/WN835Z2GeGeJr8burSgC4Vkk5QgGSc9DkJzzlfi0.jpg', 'image/jpeg', 152924, NULL, 'public', '2026-04-02 02:45:02', '2026-04-02 02:45:02'),
(6, 'HqMdNiFFepcNlQDKolaeVnfaIAzZbMkF1bHvBh4n.jpg', 'destinations/HqMdNiFFepcNlQDKolaeVnfaIAzZbMkF1bHvBh4n.jpg', 'image/jpeg', 240801, NULL, 'public', '2026-04-02 02:45:02', '2026-04-02 02:45:02'),
(7, 'UjfJnNP4B26JfubB7AGOMygoTKZHBj2VgrrbVF6j.jpg', 'destinations/UjfJnNP4B26JfubB7AGOMygoTKZHBj2VgrrbVF6j.jpg', 'image/jpeg', 157860, NULL, 'public', '2026-04-02 02:45:02', '2026-04-02 02:45:02'),
(8, 'BuM271d9OojuksaVdn77Djn9f7B58dSLRDxMmUfi.jpg', 'destinations/BuM271d9OojuksaVdn77Djn9f7B58dSLRDxMmUfi.jpg', 'image/jpeg', 259512, NULL, 'public', '2026-04-02 02:45:02', '2026-04-02 02:45:02'),
(9, 'FLPYMMs6VLHRHfbPIaBRrr9KdIh0OZtrKWRVHW57.jpg', 'destinations/FLPYMMs6VLHRHfbPIaBRrr9KdIh0OZtrKWRVHW57.jpg', 'image/jpeg', 258661, NULL, 'public', '2026-04-02 02:45:02', '2026-04-02 02:45:02'),
(10, 'LG0UVwK7nC8TSZadXgzd0vcy0Agz8sgygMPIcldN.webp', 'tour-types/LG0UVwK7nC8TSZadXgzd0vcy0Agz8sgygMPIcldN.webp', 'image/webp', 186468, NULL, 'public', '2026-04-02 02:45:03', '2026-04-02 02:45:03'),
(11, 'f9J6LSaLM1mBoNKv4c4Cw6M4gyJTYOnBjW4CVeks.webp', 'blog/f9J6LSaLM1mBoNKv4c4Cw6M4gyJTYOnBjW4CVeks.webp', 'image/webp', 186468, NULL, 'public', '2026-04-02 02:45:03', '2026-04-02 02:45:03'),
(12, 'ILVAW5WoNGpPJOQKG0iaoF0BqbIdyFLcC1vg87Fq.webp', 'itineraries/ILVAW5WoNGpPJOQKG0iaoF0BqbIdyFLcC1vg87Fq.webp', 'image/webp', 186468, NULL, 'public', '2026-04-02 02:45:03', '2026-04-02 02:45:03'),
(13, 'TFWru34zhV3YuOgBJsvJyYiBCX5hHev7GnpOXpfn.jpg', 'itineraries/TFWru34zhV3YuOgBJsvJyYiBCX5hHev7GnpOXpfn.jpg', 'image/jpeg', 187143, NULL, 'public', '2026-04-02 02:45:03', '2026-04-02 02:45:03'),
(14, 'wJ9r3hX7cwdkNsmH8K7VL88qGTPa8jZ2xh3w0WMy.jpg', 'itineraries/wJ9r3hX7cwdkNsmH8K7VL88qGTPa8jZ2xh3w0WMy.jpg', 'image/jpeg', 341405, NULL, 'public', '2026-04-02 02:45:03', '2026-04-02 02:45:03'),
(15, 'uk3f81rGtyx0ofjGzG0pifZg0ze5UuXNkNNt9OTQ.jpg', 'itineraries/uk3f81rGtyx0ofjGzG0pifZg0ze5UuXNkNNt9OTQ.jpg', 'image/jpeg', 341405, NULL, 'public', '2026-04-02 02:45:03', '2026-04-02 02:45:03'),
(16, 'J7j4r1j5TzoRrIkEhSDdgKAmHD3ZEdXGq13hhPMm.jpg', 'itineraries/J7j4r1j5TzoRrIkEhSDdgKAmHD3ZEdXGq13hhPMm.jpg', 'image/jpeg', 187143, NULL, 'public', '2026-04-02 02:45:03', '2026-04-02 02:45:03'),
(17, 'kFvof7ZxqkqqBaSmTn66QaXchejNGfWHvjCAud93.png', 'itineraries/kFvof7ZxqkqqBaSmTn66QaXchejNGfWHvjCAud93.png', 'image/png', 382989, NULL, 'public', '2026-04-02 02:45:03', '2026-04-02 02:45:03'),
(18, 'JmpNefBXQA4e9YQ5sZim8boMGttrO2nUTo3kMIPI.jpg', 'accommodations/JmpNefBXQA4e9YQ5sZim8boMGttrO2nUTo3kMIPI.jpg', 'image/jpeg', 187143, NULL, 'public', '2026-04-02 02:45:03', '2026-04-02 02:45:03'),
(19, 'olU2N1yUihT8S2t0F9wszPVn8q6IJGGvKPDpzmEf.jpg', 'accommodations/olU2N1yUihT8S2t0F9wszPVn8q6IJGGvKPDpzmEf.jpg', 'image/jpeg', 341405, NULL, 'public', '2026-04-02 02:45:03', '2026-04-02 02:45:03'),
(20, 'o2XqO1iL5HgzAIgissdhhIqPFswRSAzi11MTjlGu.png', 'accommodations/o2XqO1iL5HgzAIgissdhhIqPFswRSAzi11MTjlGu.png', 'image/png', 382989, NULL, 'public', '2026-04-02 02:45:03', '2026-04-02 02:45:03'),
(21, '1mHWCry6qYMiTFC0Oid0S7GjahIGM8vhpMZFlkJw.png', 'accommodations/1mHWCry6qYMiTFC0Oid0S7GjahIGM8vhpMZFlkJw.png', 'image/png', 1093725, NULL, 'public', '2026-04-02 02:45:03', '2026-04-02 02:45:03'),
(22, 'UvKwSKHntNxzsFMSDnyhpys2EpI17ijz16Jwub5v.jpg', 'accommodations/UvKwSKHntNxzsFMSDnyhpys2EpI17ijz16Jwub5v.jpg', 'image/jpeg', 98611, NULL, 'public', '2026-04-02 02:45:03', '2026-04-02 02:45:03'),
(23, '3uMgXzDt3GKCkqAGwk8sqteNDZuWElnOPD8PRKYZ.jpg', 'accommodations/3uMgXzDt3GKCkqAGwk8sqteNDZuWElnOPD8PRKYZ.jpg', 'image/jpeg', 1169708, NULL, 'public', '2026-04-02 02:45:03', '2026-04-02 02:45:03'),
(24, 'G8ai80Dq8kXY2EvGZrkBoB2HAJEqr7PBvCGBZxZx.png', 'logo/G8ai80Dq8kXY2EvGZrkBoB2HAJEqr7PBvCGBZxZx.png', 'image/png', 89963, NULL, 'public', '2026-04-02 02:45:03', '2026-04-02 02:45:03'),
(25, 'WhatsApp Image 2026-02-20 at 10.59.04 (1).jpeg', 'media/bMZ53FIQttw8Ry71iaVhrvPLLYhYeATIXKumuann.jpg', 'image/jpeg', 187741, NULL, 'public', '2026-04-04 06:35:59', '2026-04-04 06:35:59');

DROP TABLE IF EXISTS `migrations`;
CREATE TABLE `migrations` (`id` BIGINT UNSIGNED NOT NULL AUTO_INCREMENT PRIMARY KEY, `migration` VARCHAR(255) not null, `batch` BIGINT not null) ENGINE=InnoDB DEFAULT CHARSET=utf8mb4 COLLATE=utf8mb4_unicode_ci;

INSERT INTO `migrations` (`id`, `migration`, `batch`) VALUES
(1, '0001_01_01_000000_create_users_table', 1),
(2, '0001_01_01_000001_create_cache_table', 1),
(3, '0001_01_01_000002_create_jobs_table', 1),
(4, '2026_03_27_004808_add_role_to_users_table', 2),
(5, '2026_03_27_005721_create_safari_packages_table', 3),
(6, '2026_03_27_011632_create_itineraries_table', 4),
(7, '2026_03_27_011845_create_safari_images_table', 5),
(8, '2026_03_27_011929_create_testimonials_table', 6),
(9, '2026_03_27_013710_add_featured_to_safari_packages_table', 7),
(10, '2026_03_27_014343_create_countries_table', 8),
(11, '2026_03_27_014344_create_destinations_table', 8),
(12, '2026_03_27_014431_create_country_safari_package_table', 8),
(13, '2026_03_27_014432_create_destination_safari_package_table', 8),
(14, '2026_03_27_014433_drop_destination_from_safari_packages_table', 8),
(15, '2026_03_27_015414_add_coordinates_to_destinations_table', 9),
(16, '2026_03_27_015415_add_destination_id_to_itineraries_table', 9),
(17, '2026_03_27_103453_add_coordinates_to_countries_table', 10),
(18, '2026_03_27_110112_create_tour_types_table', 11),
(19, '2026_03_27_110120_create_categories_table', 11),
(20, '2026_03_27_110143_add_taxonomy_foreign_keys_to_safari_packages_table', 11),
(21, '2026_03_27_142912_drop_destination_string_from_itineraries_table', 12),
(22, '2026_03_29_080649_create_inquiries_table', 13),
(23, '2026_03_31_084656_add_inquiry_type_and_contact_methods_to_inquiries_table', 14),
(24, '2026_03_31_090850_add_content_lists_to_safari_packages_table', 15),
(25, '2026_03_31_092930_add_section_copy_fields_to_safari_packages_table', 16),
(26, '2026_03_31_093500_create_accommodations_table', 17),
(27, '2026_03_31_093501_create_accommodation_images_table', 17),
(28, '2026_03_31_093502_add_accommodation_fields_to_itineraries_table', 17),
(29, '2026_03_31_121500_add_editorial_fields_to_safari_packages_table', 18),
(30, '2026_03_31_221059_create_settings_table', 19),
(31, '2026_04_01_100000_create_safari_plans_table', 20),
(32, '2026_04_01_100001_create_planner_settings_table', 20),
(33, '2026_04_01_145604_create_agents_table', 21),
(34, '2026_04_01_145607_create_bookings_table', 21),
(35, '2026_04_01_162152_create_safari_requests_table', 22),
(36, '2026_04_01_162154_create_request_responses_table', 22),
(37, '2026_04_01_162448_make_safari_package_id_nullable_in_bookings', 23),
(38, '2026_04_01_170822_add_notification_settings_to_settings_table', 24),
(39, '2026_04_01_180835_add_translations_to_safari_packages_and_destinations', 25),
(40, '2026_04_01_195039_create_pages_table', 26),
(41, '2026_04_01_201609_create_blog_categories_table', 27),
(42, '2026_04_01_201611_create_posts_table', 27),
(43, '2026_04_01_234658_add_description_and_image_to_tour_types_and_categories', 28),
(44, '2026_04_02_001523_create_media_table', 29),
(45, '2026_04_02_005755_add_seo_fields_to_all_tables', 30),
(46, '2026_04_02_140000_create_languages_table', 31),
(47, '2026_04_02_140001_create_seo_meta_table', 31),
(48, '2026_04_02_140002_create_seo_rankings_table', 31),
(49, '2026_04_02_160000_add_translations_and_seo_to_taxonomies_and_accommodations', 32),
(50, '2026_04_02_200001_create_seo_domination_tables', 33),
(51, '2026_04_03_000001_add_type_to_pages_table', 34),
(52, '2026_04_03_000002_create_page_sections_table', 34),
(53, '2026_04_03_000003_create_hero_slides_table', 34),
(54, '2026_04_03_100001_add_featured_fields_to_safari_packages_table', 35),
(55, '2026_04_03_100002_create_hero_settings_table', 35),
(56, '2026_04_03_200001_add_is_homepage_and_settings_to_pages_table', 36);

DROP TABLE IF EXISTS `page_sections`;
CREATE TABLE `page_sections` (`id` BIGINT UNSIGNED NOT NULL AUTO_INCREMENT PRIMARY KEY, `page_id` BIGINT not null, `section_type` VARCHAR(255) not null, `order` BIGINT not null default '0', `is_active` TINYINT(1) not null default '1', `data` text, `created_at` datetime, `updated_at` datetime, foreign key(`page_id`) references `pages`(`id`) on delete cascade) ENGINE=InnoDB DEFAULT CHARSET=utf8mb4 COLLATE=utf8mb4_unicode_ci;

INSERT INTO `page_sections` (`id`, `page_id`, `section_type`, `order`, `is_active`, `data`, `created_at`, `updated_at`) VALUES
(13, 2, 'hero', 0, 1, '{"slider_autoplay":"1","slider_interval":"6000"}', '2026-04-04 09:27:46', '2026-04-04 09:32:52'),
(14, 2, 'icon_features', 1, 1, '{"heading":{"en":"Why Choose Lomo Africa","fr":"Pourquoi Choisir Lomo Africa","de":"Warum Lomo Africa W\u00e4hlen","es":"Por Qu\u00e9 Elegir Lomo Africa"},"subheading":{"en":"Crafting unforgettable safari experiences since day one","fr":"Cr\u00e9er des exp\u00e9riences de safari inoubliables depuis le premier jour","de":"Unvergessliche Safari-Erlebnisse seit dem ersten Tag","es":"Creando experiencias de safari inolvidables desde el primer d\u00eda"},"columns":"4","bg_color":"#000000","items":[{"icon":"heart","title":{"en":"Handcrafted Safaris","fr":"Safaris Sur Mesure","de":"Handgefertigte Safaris","es":"Safaris Artesanales"},"description":{"en":"Every journey is tailor-made to your dreams and preferences","fr":"Chaque voyage est con\u00e7u sur mesure selon vos r\u00eaves","de":"Jede Reise wird nach Ihren Tr\u00e4umen ma\u00dfgeschneidert","es":"Cada viaje se adapta a sus sue\u00f1os y preferencias"}},{"icon":"globe","title":{"en":"Local Experts","fr":"Experts Locaux","de":"Lokale Experten","es":"Expertos Locales"},"description":{"en":"Born and raised in Tanzania \u2014 we know every hidden gem","fr":"N\u00e9s et \u00e9lev\u00e9s en Tanzanie \u2014 nous connaissons chaque tr\u00e9sor cach\u00e9","de":"Geboren und aufgewachsen in Tansania \u2014 wir kennen jeden verborgenen Schatz","es":"Nacidos y criados en Tanzania \u2014 conocemos cada joya oculta"}},{"icon":"shield","title":{"en":"Luxury Lodges","fr":"Lodges de Luxe","de":"Luxus-Lodges","es":"Lodges de Lujo"},"description":{"en":"Hand-picked 5-star lodges and tented camps in the wilderness","fr":"Lodges 5 \u00e9toiles s\u00e9lectionn\u00e9s dans la nature sauvage","de":"Handverlesene 5-Sterne-Lodges und Zeltcamps in der Wildnis","es":"Lodges de 5 estrellas seleccionados en la naturaleza"}},{"icon":"clock","title":{"en":"24\/7 Support","fr":"Support 24\/7","de":"24\/7 Unterst\u00fctzung","es":"Soporte 24\/7"},"description":{"en":"Round-the-clock assistance from booking to your last sunset","fr":"Assistance 24h\/24 de la r\u00e9servation \u00e0 votre dernier coucher de soleil","de":"Rund-um-die-Uhr-Betreuung von der Buchung bis zum letzten Sonnenuntergang","es":"Asistencia las 24 horas desde la reserva hasta su \u00faltima puesta de sol"}}]}', '2026-04-04 09:27:46', '2026-04-04 09:32:52'),
(15, 2, 'safari_grid', 2, 1, '{"heading":{"en":"Featured Safari Journeys","fr":"Safaris en Vedette","de":"Ausgew\u00e4hlte Safari-Reisen","es":"Safaris Destacados"},"subheading":{"en":"Our most sought-after luxury experiences across Tanzania","fr":"Nos exp\u00e9riences de luxe les plus recherch\u00e9es en Tanzanie","de":"Unsere gefragtesten Luxuserlebnisse in Tansania","es":"Nuestras experiencias de lujo m\u00e1s buscadas en Tanzania"},"count":6,"featured_only":"1","columns":"3","category_filter":null,"show_rating":"1","slider_autoplay":"1"}', '2026-04-04 09:27:46', '2026-04-04 09:32:52'),
(16, 2, 'destination_showcase', 3, 1, '{"heading":{"en":"Explore Tanzania''s Finest","fr":"Explorez le Meilleur de la Tanzanie","de":"Entdecken Sie Tansanias Bestes","es":"Explore lo Mejor de Tanzania"},"subheading":{"en":"From the endless Serengeti to the spice island of Zanzibar","fr":"Des plaines infinies du Serengeti \u00e0 l''\u00eele aux \u00e9pices de Zanzibar","de":"Von der endlosen Serengeti bis zur Gew\u00fcrzinsel Sansibar","es":"Desde el interminable Serengeti hasta la isla de las especias de Zanz\u00edbar"},"count":3,"featured_only":"1","columns":"3","category_filter":null,"show_rating":"1","slider_autoplay":"1"}', '2026-04-04 09:27:46', '2026-04-04 09:33:21'),
(17, 2, 'split_hero', 4, 1, '{"heading":{"en":"Experience Africa Beyond Expectations","fr":"Vivez l''Afrique Au-Del\u00e0 des Attentes","de":"Erleben Sie Afrika Jenseits Aller Erwartungen","es":"Viva \u00c1frica M\u00e1s All\u00e1 de las Expectativas"},"subheading":{"en":"A journey designed around you","fr":"Un voyage con\u00e7u autour de vous","de":"Eine Reise, die um Sie herum gestaltet wurde","es":"Un viaje dise\u00f1ado en torno a usted"},"body":{"en":"For over a decade, we have been guiding discerning travelers through Tanzania''s most extraordinary landscapes. Every safari we craft is a deeply personal journey \u2014 from private game drives at dawn to candlelit dinners under the stars. This is not just a trip. This is your story, written in the wild.","fr":"Depuis plus d''une d\u00e9cennie, nous guidons des voyageurs exigeants \u00e0 travers les paysages les plus extraordinaires de Tanzanie. Chaque safari que nous cr\u00e9ons est un voyage profond\u00e9ment personnel \u2014 des safaris priv\u00e9s \u00e0 l''aube aux d\u00eeners aux chandelles sous les \u00e9toiles.","de":"Seit \u00fcber einem Jahrzehnt f\u00fchren wir anspruchsvolle Reisende durch Tansanias au\u00dfergew\u00f6hnlichste Landschaften. Jede Safari, die wir gestalten, ist eine zutiefst pers\u00f6nliche Reise \u2014 von privaten Pirschfahrten bei Morgengrauen bis zu Abendessen bei Kerzenschein unter den Sternen.","es":"Durante m\u00e1s de una d\u00e9cada, hemos guiado a viajeros exigentes a trav\u00e9s de los paisajes m\u00e1s extraordinarios de Tanzania. Cada safari que creamos es un viaje profundamente personal \u2014 desde safaris privados al amanecer hasta cenas a la luz de las velas bajo las estrellas."},"button_text":{"en":"Plan Your Safari","fr":"Planifiez Votre Safari","de":"Planen Sie Ihre Safari","es":"Planifique Su Safari"},"button_url":"\/en\/plan-safari","layout":"image_right","image":"safaris\/Sy6BdtdamfKGcVioraGTB6dbwtjfjZwRwVyYibru.png","bg_color":"#083321"}', '2026-04-04 09:27:46', '2026-04-04 09:35:26'),
(18, 2, 'testimonial_slider', 5, 1, '{"heading":{"en":"What Our Guests Say","fr":"Ce Que Disent Nos Invit\u00e9s","de":"Was Unsere G\u00e4ste Sagen","es":"Lo Que Dicen Nuestros Hu\u00e9spedes"},"subheading":{"en":"Real stories from travelers who experienced the magic","fr":"De vraies histoires de voyageurs qui ont v\u00e9cu la magie","de":"Echte Geschichten von Reisenden, die die Magie erlebt haben","es":"Historias reales de viajeros que experimentaron la magia"},"count":6,"featured_only":"1","columns":"3","category_filter":null,"show_rating":"1","slider_autoplay":"1"}', '2026-04-04 09:27:46', '2026-04-04 09:32:52'),
(19, 2, 'image_gallery', 6, 1, '{"heading":{"en":"Safari Moments","fr":"Moments Safari","de":"Safari-Momente","es":"Momentos de Safari"},"gallery_layout":"grid","lightbox":"1","images":"itineraries\/uk3f81rGtyx0ofjGzG0pifZg0ze5UuXNkNNt9OTQ.jpg, destinations\/BuM271d9OojuksaVdn77Djn9f7B58dSLRDxMmUfi.jpg, destinations\/HqMdNiFFepcNlQDKolaeVnfaIAzZbMkF1bHvBh4n.jpg, destinations\/WN835Z2GeGeJr8burSgC4Vkk5QgGSc9DkJzzlfi0.jpg, countries\/b3pjg3h4UktOoCh0ISZ9YcnsiEocC599rWwqrfkp.png, destinations\/BuM271d9OojuksaVdn77Djn9f7B58dSLRDxMmUfi.jpg"}', '2026-04-04 09:27:46', '2026-04-04 09:43:32'),
(20, 2, 'cta_banner', 7, 1, '{"heading":{"en":"Start Planning Your Dream Safari","fr":"Commencez \u00e0 Planifier Votre Safari de R\u00eave","de":"Beginnen Sie mit der Planung Ihrer Traumsafari","es":"Comience a Planificar Su Safari So\u00f1ado"},"subheading":{"en":"Let our experts craft a bespoke journey tailored to your every wish. No templates \u2014 just your story, written in the wild.","fr":"Laissez nos experts cr\u00e9er un voyage sur mesure adapt\u00e9 \u00e0 chacun de vos souhaits.","de":"Lassen Sie unsere Experten eine ma\u00dfgeschneiderte Reise nach Ihren W\u00fcnschen gestalten.","es":"Deje que nuestros expertos elaboren un viaje a medida adaptado a cada uno de sus deseos."},"button_text":{"en":"Plan My Safari","fr":"Planifier Mon Safari","de":"Meine Safari Planen","es":"Planificar Mi Safari"},"button_url":"\/en\/plan-safari","bg_color":"#083321","bg_image":null}', '2026-04-04 09:27:46', '2026-04-04 09:32:52'),
(21, 2, 'blog', 8, 1, '{"heading":{"en":"Safari Insights & Stories","fr":"Aper\u00e7us & Histoires de Safari","de":"Safari-Einblicke & Geschichten","es":"Perspectivas e Historias de Safari"},"subheading":{"en":"Expert tips, travel guides, and tales from the African bush","fr":"Conseils d''experts, guides de voyage et r\u00e9cits de la brousse africaine","de":"Expertentipps, Reisef\u00fchrer und Geschichten aus dem afrikanischen Busch","es":"Consejos de expertos, gu\u00edas de viaje e historias de la sabana africana"},"count":3,"featured_only":"1","columns":"3","category_filter":null,"show_rating":"1","slider_autoplay":"1"}', '2026-04-04 09:27:46', '2026-04-04 09:32:52'),
(22, 1, 'split_hero', 0, 1, '{"heading":{"en":"Your Journey. Our Passion.","fr":"Votre Voyage. Notre Passion.","de":"Ihre Reise. Unsere Leidenschaft.","es":"Tu Viaje. Nuestra Pasi\u00f3n."},"subheading":{"en":"A Safari That Changes Lives","fr":"Un Safari Qui Change des Vies","de":"Eine Safari, Die Leben Ver\u00e4ndert","es":"Un Safari Que Cambia Vidas"},"body":{"en":"<p>Lomo Tanzania Safaris is a locally owned and operated safari company based in Tanzania, offering authentic and personalized safari experiences across the country''s most iconic destinations.<\/p>","fr":"<p>Lomo Tanzania Safaris est une entreprise de safari locale bas\u00e9e en Tanzanie, offrant des exp\u00e9riences de safari authentiques et personnalis\u00e9es \u00e0 travers les destinations les plus embl\u00e9matiques du pays.<\/p>","de":"<p>Lomo Tanzania Safaris ist ein lokal gef\u00fchrtes Safariunternehmen mit Sitz in Tansania, das authentische und personalisierte Safarierlebnisse an den ikonischsten Reisezielen des Landes anbietet.<\/p>","es":"<p>Lomo Tanzania Safaris es una empresa de safari local con sede en Tanzania, que ofrece experiencias de safari aut\u00e9nticas y personalizadas en los destinos m\u00e1s ic\u00f3nicos del pa\u00eds.<\/p>"},"button_text":{"en":"Start Planning Your Safari","fr":"Planifiez Votre Safari","de":"Planen Sie Ihre Safari","es":"Planifica Tu Safari"},"button_url":"\/custom-tour","layout":"image_right","image":"destinations\/WN835Z2GeGeJr8burSgC4Vkk5QgGSc9DkJzzlfi0.jpg","bg_color":"#000000"}', '2026-04-04 10:25:57', '2026-04-04 10:30:02'),
(23, 1, 'image_text', 1, 1, '{"heading":{"en":"Founded on Passion, Built on Experience","fr":"Fond\u00e9 sur la Passion, Construit sur l''Exp\u00e9rience","de":"Gegr\u00fcndet aus Leidenschaft, Aufgebaut auf Erfahrung","es":"Fundada en la Pasi\u00f3n, Construida en la Experiencia"},"body":{"en":"<p>Lomo Tanzania Safaris was founded by Mr. Erasto, a passionate Tanzanian wildlife guide with over 19 years of experience in the safari industry.<\/p><p>Born and raised in Tanzania, Erasto began his journey in 2003 at Selous Game Reserve. His deep love for wildlife led him to train at Mwewe Training College in Serengeti, where he qualified as a ranger.<\/p><p>Over the years, he worked with luxury camps across Serengeti, mastering the art of guiding and delivering unforgettable safari experiences.<\/p><p>During one safari, he met a Dutch couple who shared his vision \u2014 together, they built Lomo Tanzania Safaris.<\/p>","fr":"<p>Lomo Tanzania Safaris a \u00e9t\u00e9 fond\u00e9 par M. Erasto, un guide passionn\u00e9 de la faune tanzanienne avec plus de 19 ans d''exp\u00e9rience dans l''industrie du safari.<\/p><p>N\u00e9 et \u00e9lev\u00e9 en Tanzanie, Erasto a commenc\u00e9 son parcours en 2003 \u00e0 la R\u00e9serve de Selous. Son amour profond pour la faune l''a conduit \u00e0 se former au Mwewe Training College dans le Serengeti, o\u00f9 il a obtenu son dipl\u00f4me de ranger.<\/p><p>Au fil des ann\u00e9es, il a travaill\u00e9 avec des camps de luxe \u00e0 travers le Serengeti, ma\u00eetrisant l''art du guidage et offrant des exp\u00e9riences de safari inoubliables.<\/p><p>Lors d''un safari, il a rencontr\u00e9 un couple n\u00e9erlandais qui partageait sa vision \u2014 ensemble, ils ont construit Lomo Tanzania Safaris.<\/p>","de":"<p>Lomo Tanzania Safaris wurde von Herrn Erasto gegr\u00fcndet, einem leidenschaftlichen tansanischen Wildlife-Guide mit \u00fcber 19 Jahren Erfahrung in der Safari-Branche.<\/p><p>In Tansania geboren und aufgewachsen, begann Erasto seine Reise 2003 im Selous Game Reserve. Seine tiefe Liebe zur Tierwelt f\u00fchrte ihn zum Mwewe Training College im Serengeti, wo er sich als Ranger qualifizierte.<\/p><p>Im Laufe der Jahre arbeitete er mit Luxuscamps im Serengeti zusammen und perfektionierte die Kunst des Guidings und das Liefern unvergesslicher Safari-Erlebnisse.<\/p><p>W\u00e4hrend einer Safari traf er ein niederl\u00e4ndisches Paar, das seine Vision teilte \u2014 gemeinsam bauten sie Lomo Tanzania Safaris auf.<\/p>","es":"<p>Lomo Tanzania Safaris fue fundada por el Sr. Erasto, un apasionado gu\u00eda de vida silvestre tanzano con m\u00e1s de 19 a\u00f1os de experiencia en la industria del safari.<\/p><p>Nacido y criado en Tanzania, Erasto comenz\u00f3 su viaje en 2003 en la Reserva de Selous. Su profundo amor por la vida silvestre lo llev\u00f3 a formarse en el Mwewe Training College en Serengeti, donde se calific\u00f3 como ranger.<\/p><p>A lo largo de los a\u00f1os, trabaj\u00f3 con campamentos de lujo en Serengeti, dominando el arte de guiar y ofrecer experiencias de safari inolvidables.<\/p><p>Durante un safari, conoci\u00f3 a una pareja holandesa que compart\u00eda su visi\u00f3n \u2014 juntos, construyeron Lomo Tanzania Safaris.<\/p>"},"image":"countries\/b3pjg3h4UktOoCh0ISZ9YcnsiEocC599rWwqrfkp.png","layout":"image_left"}', '2026-04-04 10:25:57', '2026-04-04 10:30:02'),
(24, 1, 'highlight', 2, 1, '[]', '2026-04-04 10:25:57', '2026-04-04 10:30:02'),
(25, 1, 'two_column_feature', 3, 1, '[]', '2026-04-04 10:25:57', '2026-04-04 10:30:02'),
(26, 1, 'icon_features', 4, 1, '{"heading":{"en":"Why Choose Us","fr":"Pourquoi Nous Choisir","de":"Warum Uns W\u00e4hlen","es":"Por Qu\u00e9 Elegirnos"},"subheading":{"en":"Five reasons travelers trust Lomo Tanzania Safaris","fr":"Cinq raisons pour lesquelles les voyageurs font confiance \u00e0 Lomo Tanzania Safaris","de":"F\u00fcnf Gr\u00fcnde, warum Reisende Lomo Tanzania Safaris vertrauen","es":"Cinco razones por las que los viajeros conf\u00edan en Lomo Tanzania Safaris"},"columns":"3","bg_color":"#000000","items":[{"icon":"shield","title":{"en":"Locally Owned Experts","fr":"Experts Locaux","de":"Lokale Experten","es":"Expertos Locales"},"description":{"en":"Born and raised in Tanzania, our team knows every trail, every animal behavior, and every hidden gem across the country.","fr":"N\u00e9s et \u00e9lev\u00e9s en Tanzanie, notre \u00e9quipe conna\u00eet chaque sentier, chaque comportement animal et chaque joyau cach\u00e9 du pays.","de":"In Tansania geboren und aufgewachsen, kennt unser Team jeden Pfad, jedes Tierverhalten und jedes versteckte Juwel des Landes.","es":"Nacidos y criados en Tanzania, nuestro equipo conoce cada sendero, cada comportamiento animal y cada joya oculta del pa\u00eds."}},{"icon":"map","title":{"en":"Tailor-Made Safaris","fr":"Safaris Sur Mesure","de":"Ma\u00dfgeschneiderte Safaris","es":"Safaris a Medida"},"description":{"en":"Every safari is designed around your interests, pace, and budget. No cookie-cutter itineraries \u2014 only personalized experiences.","fr":"Chaque safari est con\u00e7u autour de vos int\u00e9r\u00eats, votre rythme et votre budget. Pas d''itin\u00e9raires standardis\u00e9s \u2014 uniquement des exp\u00e9riences personnalis\u00e9es.","de":"Jede Safari wird nach Ihren Interessen, Ihrem Tempo und Ihrem Budget gestaltet. Keine Standardreisen \u2014 nur personalisierte Erlebnisse.","es":"Cada safari est\u00e1 dise\u00f1ado en torno a sus intereses, ritmo y presupuesto. Sin itinerarios est\u00e1ndar \u2014 solo experiencias personalizadas."}},{"icon":"heart","title":{"en":"Community Impact","fr":"Impact Communautaire","de":"Gemeinschaftliche Wirkung","es":"Impacto Comunitario"},"description":{"en":"Every booking directly supports education, healthcare, and development in local Tanzanian communities.","fr":"Chaque r\u00e9servation soutient directement l''\u00e9ducation, la sant\u00e9 et le d\u00e9veloppement des communaut\u00e9s locales tanzaniennes.","de":"Jede Buchung unterst\u00fctzt direkt Bildung, Gesundheitswesen und Entwicklung in lokalen tansanischen Gemeinden.","es":"Cada reserva apoya directamente la educaci\u00f3n, la salud y el desarrollo en las comunidades locales de Tanzania."}},{"icon":"camera","title":{"en":"Attention to Detail","fr":"Attention aux D\u00e9tails","de":"Liebe zum Detail","es":"Atenci\u00f3n al Detalle"},"description":{"en":"From your first inquiry to your last sunset game drive, we ensure every detail is taken care of with precision and warmth.","fr":"De votre premi\u00e8re demande \u00e0 votre dernier safari au coucher du soleil, nous veillons \u00e0 ce que chaque d\u00e9tail soit pris en charge avec pr\u00e9cision et chaleur.","de":"Von Ihrer ersten Anfrage bis zu Ihrer letzten Pirschfahrt bei Sonnenuntergang sorgen wir daf\u00fcr, dass jedes Detail mit Pr\u00e4zision und W\u00e4rme erledigt wird.","es":"Desde su primera consulta hasta su \u00faltimo safari al atardecer, nos aseguramos de que cada detalle sea atendido con precisi\u00f3n y calidez."}},{"icon":"globe","title":{"en":"Sustainable Tourism","fr":"Tourisme Durable","de":"Nachhaltiger Tourismus","es":"Turismo Sostenible"},"description":{"en":"We are committed to protecting Tanzania''s wildlife and ecosystems through responsible and sustainable travel practices.","fr":"Nous nous engageons \u00e0 prot\u00e9ger la faune et les \u00e9cosyst\u00e8mes de la Tanzanie gr\u00e2ce \u00e0 des pratiques de voyage responsables et durables.","de":"Wir setzen uns f\u00fcr den Schutz der Tierwelt und \u00d6kosysteme Tansanias durch verantwortungsvolle und nachhaltige Reisepraktiken ein.","es":"Estamos comprometidos a proteger la vida silvestre y los ecosistemas de Tanzania a trav\u00e9s de pr\u00e1cticas de viaje responsables y sostenibles."}}]}', '2026-04-04 10:25:57', '2026-04-04 10:30:02'),
(27, 1, 'destinations', 5, 1, '{"heading":{"en":"Where We Take You","fr":"O\u00f9 Nous Vous Emmenons","de":"Wohin Wir Sie Bringen","es":"Ad\u00f3nde Te Llevamos"},"subheading":{"en":"Explore Tanzania''s most iconic destinations with expert local guides","fr":"Explorez les destinations les plus embl\u00e9matiques de Tanzanie avec des guides locaux experts","de":"Erkunden Sie Tansanias ikonischste Reiseziele mit erfahrenen lokalen Guides","es":"Explora los destinos m\u00e1s ic\u00f3nicos de Tanzania con gu\u00edas locales expertos"},"count":6,"featured_only":"1","columns":"3","category_filter":null,"show_rating":"1","slider_autoplay":"1"}', '2026-04-04 10:25:57', '2026-04-04 10:30:02'),
(28, 1, 'experience_grid', 6, 1, '[]', '2026-04-04 10:25:57', '2026-04-04 10:30:02'),
(29, 1, 'cta_banner', 7, 1, '{"heading":{"en":"Join a Journey That Changes Lives","fr":"Rejoignez un Voyage Qui Change des Vies","de":"Werden Sie Teil einer Reise, Die Leben Ver\u00e4ndert","es":"\u00danete a un Viaje Que Cambia Vidas"},"subheading":{"en":"Every safari is more than a trip \u2014 it''s a connection, an experience, and an impact.","fr":"Chaque safari est plus qu''un voyage \u2014 c''est une connexion, une exp\u00e9rience et un impact.","de":"Jede Safari ist mehr als eine Reise \u2014 es ist eine Verbindung, ein Erlebnis und eine Wirkung.","es":"Cada safari es m\u00e1s que un viaje \u2014 es una conexi\u00f3n, una experiencia y un impacto."},"button_text":{"en":"Start Planning","fr":"Commencer \u00e0 Planifier","de":"Jetzt Planen","es":"Empezar a Planificar"},"button_url":"\/custom-tour","bg_color":"#083321","bg_image":null}', '2026-04-04 10:25:57', '2026-04-04 10:30:02');

DROP TABLE IF EXISTS `pages`;
CREATE TABLE `pages` (`id` BIGINT UNSIGNED NOT NULL AUTO_INCREMENT PRIMARY KEY, `title` text not null, `slug` VARCHAR(255) not null, `content` text, `sections` text, `status` VARCHAR(255) not null default 'draft', `template` VARCHAR(255) not null default 'default', `sort_order` BIGINT not null default '0', `meta` text, `created_at` datetime, `updated_at` datetime, `meta_title` VARCHAR(255), `meta_description` VARCHAR(255), `meta_keywords` VARCHAR(255), `og_image` VARCHAR(255), `type` VARCHAR(255) not null default 'page', `is_homepage` TINYINT(1) not null default '0', `layout` VARCHAR(255) not null default 'full_width', `bg_color` VARCHAR(255), `section_spacing` VARCHAR(255) not null default 'normal') ENGINE=InnoDB DEFAULT CHARSET=utf8mb4 COLLATE=utf8mb4_unicode_ci;

INSERT INTO `pages` (`id`, `title`, `slug`, `content`, `sections`, `status`, `template`, `sort_order`, `meta`, `created_at`, `updated_at`, `meta_title`, `meta_description`, `meta_keywords`, `og_image`, `type`, `is_homepage`, `layout`, `bg_color`, `section_spacing`) VALUES
(1, '{"en":"About Us","fr":"\u00c0 Propos","de":"\u00dcber Uns","es":"Sobre Nosotros"}', 'about-us', '[]', '[{"type":"hero","order":0,"heading":{"en":"About","fr":"\u00c0 propos","de":"\u00dcber","es":""},"subheading":{"en":"about tza","fr":"","de":"\u00fcber tza","es":""},"button_text":{"en":"","fr":"","de":"","es":""},"image":"safaris\/Sy6BdtdamfKGcVioraGTB6dbwtjfjZwRwVyYibru.png"},{"type":"image_text","order":1,"heading":{"en":"about us","fr":"","de":"\u00fcber uns","es":""},"body":{"en":"Sequi reprehenderit aut exercitationem ac exercitation nostrud cupiditate mi facilisi, fuga quasi, commodi, litora consequuntur laboriosam iste ad? Minima ipsa semper est! Tempor vehicula vero, quisque? Massa quia hendrerit hac, assumenda animi incidunt fuga. Lectus, eiusmod. Egestas id, faucibus modi, maecenas cras, fames commodi, perspiciatis senectus mollis lacus, tincidunt ullamco nulla, diam fugiat anim atque explicabo, tortor cubilia facilis diam. Bibendum repellendus lacinia, quidem. Senectus, suscipit orci aliquam rerum nam, quia tenetur eget sociis eos congue venenatis laoreet orci rem magnam mollitia diamlorem suscipit? Minima purus dis impedit! Aptent esse aliquip eget tristique! Dolores nisl explicabo, ea magnam hendrerit? Officia.\r\n\r\nHac rutrum aliquid accusamus porttitor temporibus corrupti eum adipiscing nesciunt incidunt, conubia animi quam scelerisque integer corrupti nostra aliquet posuere. Magna, porttitor sequi minus praesentium! Tristique, quisquam! Aute, rhoncus vitae lacus nostrud. Similique, qui dictum impedit eget porro wisi. Sociosqu ab placerat parturient vestibulum mus tortor dictum ullamcorper, modi cillum, iusto tempus animi ut? Lectus elementum suspendisse nostrum vestibulum varius? Integer beatae tempore numquam unde? Ipsa quo eu hendrerit sem nibh diam feugiat magnam aptent pharetra donec ultrices, nisl sequi ornare consectetuer posuere quisquam? Pulvinar, facilisi repellendus exercitation? Molestias faucibus wisi, consequuntur modi irure! Sunt dui adipisci quae scelerisque sed.\r\n\r\nPorta ornare ultricies doloribus purus fugit ipsum, condimentum ridiculus ac labore! Veritatis, eiusmod iaculis? Ullamco. Minim placerat sequi perferendis primis asperiores? Venenatis, purus egestas. Veritatis omnis optio, proident consequatur turpis, habitasse pharetra nostrum occaecat? Expedita illo ut sunt tellus? Euismod sapiente porttitor, pharetra congue! Aspernatur, nonummy nihil ut ridiculus optio? Hendrerit, nibh! Quis rerum officia adipiscing excepteur cursus bibendum possimus? Distinctio molestias urna, officiis massa exercitationem? Recusandae nascetur! Egestas quod, pretium laudantium, eget, pretium, quos officiis, sodales fugiat vitae pede. Mus irure morbi tellus distinctio tempora, laoreet ornare voluptatem, dictum? Error, nam tincidunt est maxime inceptos. Magni aliquid reiciendis cumque.","fr":"","de":"","es":""},"image":"media\/w3hC9c76LOmYxt3wtGRMYA6rgokYd9tlKSKx6cFs.webp","layout":"image_right"},{"type":"cta","order":2,"heading":{"en":"book safari","fr":"","de":"safari buchen","es":""},"subheading":{"en":"Hendrerit est eu phasellus proin occaecati numquam dis, arcu ultrices nascetur porttitor in illo dolorem praesent doloribus etiam interdum mattis arcu minima? Est aspernatur. Placerat eveniet cillum possimus! Vitae earum","fr":"","de":"Hendrerit est eu phasellus proin occaecati numquam dis, arcu ultrices nascetur porttitor in illo dolorem praesent doloribus etiam interdum mattis arcu minima? Est aspernatur. Placerat eveniet cillum possimus! Vitae earum","es":""},"button_text":{"en":"","fr":"","de":"","es":""}},{"type":"text","order":3,"heading":{"en":"Hendrerit est e","fr":"","de":"Hendrerit est e","es":""},"body":{"en":"Hendrerit est eu phasellus proin occaecati numquam dis, arcu ultrices nascetur porttitor in illo dolorem praesent doloribus etiam interdum mattis arcu minima? Est aspernatur. Placerat eveniet cillum possimus! Vitae earum","fr":"","de":"Hendrerit est eu phasellus proin occaecati numquam dis, arcu ultrices nascetur porttitor in illo dolorem praesent doloribus etiam interdum mattis arcu minima? Est aspernatur. Placerat eveniet cillum possimus! Vitae earum","es":""}}]', 'published', 'default', 5, '{"description":null,"keywords":null}', '2026-04-01 21:36:45', '2026-04-04 10:30:02', 'Lomo Tanzania Safaris | Luxury African Safari Experts', 'Discover authentic Tanzania safaris with Lomo Tanzania Safaris. Locally owned, expertly guided, and designed to create unforgettable and meaningful travel experiences.', 'Tanzania safari, luxury safari Tanzania, Serengeti safari, Ngorongoro tours, African safari company, local safari operator Tanzania', NULL, 'page', 0, 'full_width', NULL, 'normal'),
(2, '{"en":"Homepage","fr":null,"de":null,"es":null}', 'homepage', NULL, NULL, 'published', 'default', 0, '{"description":null,"keywords":null}', '2026-04-02 23:07:24', '2026-04-04 06:40:49', NULL, NULL, NULL, NULL, 'homepage', 1, 'full_width', '#ffffff', 'normal');

DROP TABLE IF EXISTS `password_reset_tokens`;
CREATE TABLE `password_reset_tokens` (`email` VARCHAR(255) not null, `token` VARCHAR(255) not null, `created_at` datetime, primary key (`email`)) ENGINE=InnoDB DEFAULT CHARSET=utf8mb4 COLLATE=utf8mb4_unicode_ci;


DROP TABLE IF EXISTS `planner_settings`;
CREATE TABLE `planner_settings` (`id` BIGINT UNSIGNED NOT NULL AUTO_INCREMENT PRIMARY KEY, `step_key` VARCHAR(255) not null, `title` VARCHAR(255) not null, `description` text, `options` text, `created_at` datetime, `updated_at` datetime) ENGINE=InnoDB DEFAULT CHARSET=utf8mb4 COLLATE=utf8mb4_unicode_ci;

INSERT INTO `planner_settings` (`id`, `step_key`, `title`, `description`, `options`, `created_at`, `updated_at`) VALUES
(1, 'intro', 'Your dream African safari starts here', 'Answer a few quick questions and our safari experts will craft a personalised itinerary tailored to your pace, interests, and budget.', NULL, '2026-04-01 13:33:24', '2026-04-01 13:33:24'),
(2, 'destinations', 'Where would you like to travel?', 'Select one or more destinations that interest you.', NULL, '2026-04-01 13:33:24', '2026-04-01 13:33:24'),
(3, 'travel_time', 'When would you like to travel?', 'Select your preferred travel months.', NULL, '2026-04-01 13:33:24', '2026-04-01 13:33:24'),
(4, 'travel_group', 'Who are you traveling with?', 'This helps us tailor your experience.', NULL, '2026-04-01 13:33:24', '2026-04-01 13:33:24'),
(5, 'interests', 'What experiences excite you most?', 'Select all that appeal to you.', NULL, '2026-04-01 13:33:24', '2026-04-01 13:33:24'),
(6, 'budget', 'What is your budget range?', 'Per person, approximate range.', '["$2,000 \u2013 $5,000","$5,000 \u2013 $10,000","$10,000 \u2013 $20,000","$20,000+"]', '2026-04-01 13:33:24', '2026-04-01 13:33:24'),
(7, 'contact', 'How should we contact you?', 'Share your details so our team can reach out.', NULL, '2026-04-01 13:33:24', '2026-04-01 13:33:24');

DROP TABLE IF EXISTS `posts`;
CREATE TABLE `posts` (`id` BIGINT UNSIGNED NOT NULL AUTO_INCREMENT PRIMARY KEY, `title` text not null, `slug` VARCHAR(255) not null, `content` text, `excerpt` text, `featured_image` VARCHAR(255), `blog_category_id` BIGINT, `author_id` BIGINT, `meta` text, `status` VARCHAR(255) not null default ('draft'), `published_at` datetime, `created_at` datetime, `updated_at` datetime, `meta_title` VARCHAR(255), `meta_description` VARCHAR(255), `meta_keywords` VARCHAR(255), `og_image` VARCHAR(255), `author_profile_id` BIGINT, foreign key(`author_id`) references users(`id`) on delete set null on update no action, foreign key(`blog_category_id`) references blog_categories(`id`) on delete set null on update no action, foreign key(`author_profile_id`) references `author_profiles`(`id`) on delete set null) ENGINE=InnoDB DEFAULT CHARSET=utf8mb4 COLLATE=utf8mb4_unicode_ci;

INSERT INTO `posts` (`id`, `title`, `slug`, `content`, `excerpt`, `featured_image`, `blog_category_id`, `author_id`, `meta`, `status`, `published_at`, `created_at`, `updated_at`, `meta_title`, `meta_description`, `meta_keywords`, `og_image`, `author_profile_id`) VALUES
(1, '{"en":"Perferendis tenetur quod blandit, voluptates imperdiet.","fr":null,"de":null,"es":null}', 'perferendis-tenetur-quod-blandit-voluptates-imperdiet', '{"en":"Vestibulum felis? Eos purus, aenean morbi parturient nonummy earum, facilisi possimus tempus. Minim lacus tempora? Volutpat ac nihil cupidatat proident. Doloremque! Lacinia occaecati iure, voluptatibus semper repudiandae beatae nesciunt ducimus pede tincidunt arcu iaculis! Fugit lacus, rutrum dolorum minus euismod mauris adipisicing ullam senectus neque? Et sapien pariatur duis cillum. Consequat? Dicta accumsan! Sociosqu tristique euismod! Diam voluptates fusce ante elementum lobortis, habitasse qui? Accumsan, nullam justo aliqua odit varius labore ipsa! Ipsam optio ac. Aliquip, rutrum illum, quis turpis? Lacinia tempus varius porttitor ipsa, lectus, incididunt, corporis! Elementum mi. Facere unde mattis interdum habitant facilisis commodi aptent, natus! Malesuada.\r\n\r\nEius dignissim? Eveniet duis wisi repellat repudiandae soluta leo expedita natoque dolores, ipsa nisi nam, lacus mauris! Cupiditate pariatur soluta minus diamlorem nascetur, nam excepturi nullam nisl aliquip. Maiores unde non aute, blanditiis diamlorem eligendi adipisicing nonummy illo quasi reiciendis facilisis quod recusandae placeat fames ab commodo arcu dolorum voluptates possimus adipisci repudiandae, magnis, quis? Placerat soluta nihil, nihil vulputate molestiae ad, posuere elit, varius! Optio, eu nemo commodi pulvinar iure, minima? Atque facilisi maxime? Aut ut quaerat ut lacinia. Eius volutpat necessitatibus? Porta, facere atque sed mi rutrum. Debitis, ea, auctor repudiandae in eu. Deserunt, quas incididunt iste quam.\r\n\r\nJusto sed pede. Dolor diamlorem sodales, luctus etiam? Arcu repellat magnis, magnis. Penatibus optio error minima diamlorem occaecati ridiculus luctus voluptatum aenean! Nesciunt quia pariatur similique accusamus dictumst distinctio qui, risus consequat. Distinctio bibendum dicta tenetur pharetra voluptate cillum donec! Sapiente diam, laboris feugiat adipiscing. Ligula. Nostrum cupiditate! Cubilia curae, odit, nemo totam ligula. Eveniet, do fringilla? Sint magnam pharetra distinctio quos sequi, elementum officiis laoreet dis vehicula, laborum vel, facere excepturi? Cubilia, aspernatur ultricies ridiculus accumsan curae? Cupidatat vel, varius semper perferendis faucibus lectus dapibus potenti mollit veritatis dolorum, illo proident, elit unde vel cras impedit vel harum hac.","fr":null,"de":null,"es":null}', '{"en":null,"fr":null,"de":null,"es":null}', 'blog/f9J6LSaLM1mBoNKv4c4Cw6M4gyJTYOnBjW4CVeks.webp', NULL, 1, '{"meta_title":{"en":null,"fr":null,"de":null,"es":null},"meta_description":{"en":null,"fr":null,"de":null,"es":null}}', 'published', '2026-04-01 22:12:54', '2026-04-01 22:12:54', '2026-04-01 22:12:54', NULL, NULL, NULL, NULL, NULL);

DROP TABLE IF EXISTS `request_responses`;
CREATE TABLE `request_responses` (`id` BIGINT UNSIGNED NOT NULL AUTO_INCREMENT PRIMARY KEY, `request_id` BIGINT not null, `safari_title` VARCHAR(255) not null, `description` text, `price` DECIMAL(10,2) not null, `notes` text, `status` VARCHAR(255) not null default 'pending', `created_at` datetime, `updated_at` datetime, foreign key(`request_id`) references `safari_requests`(`id`) on delete cascade) ENGINE=InnoDB DEFAULT CHARSET=utf8mb4 COLLATE=utf8mb4_unicode_ci;

INSERT INTO `request_responses` (`id`, `request_id`, `safari_title`, `description`, `price`, `notes`, `status`, `created_at`, `updated_at`) VALUES
(1, 1, '4 dats', 'asasasasaxassd', 7000, 'asasasasas', 'accepted', '2026-04-01 16:40:48', '2026-04-01 16:41:12');

DROP TABLE IF EXISTS `safari_images`;
CREATE TABLE `safari_images` (`id` BIGINT UNSIGNED NOT NULL AUTO_INCREMENT PRIMARY KEY, `safari_package_id` BIGINT not null, `image_path` VARCHAR(255) not null, `created_at` datetime, `updated_at` datetime, foreign key(`safari_package_id`) references `safari_packages`(`id`) on delete cascade) ENGINE=InnoDB DEFAULT CHARSET=utf8mb4 COLLATE=utf8mb4_unicode_ci;

INSERT INTO `safari_images` (`id`, `safari_package_id`, `image_path`, `created_at`, `updated_at`) VALUES
(5, 2, 'safaris/gallery/qje770G5h1HG8wYXPjCTejIy4ZaNOWHnTLEqdFJm.jpg', '2026-03-27 08:54:31', '2026-03-27 08:54:31'),
(6, 2, 'safaris/gallery/4hUywc8BnBeXk5VfJwGQOCkMO8CbHKmBhRZRDqCa.jpg', '2026-03-27 08:54:31', '2026-03-27 08:54:31'),
(7, 2, 'safaris/gallery/2eqC6ZYruxikV8otn0hkolOEzgKmBq4emZFnpAYp.jpg', '2026-03-27 08:54:31', '2026-03-27 08:54:31'),
(8, 2, 'safaris/gallery/QiwsKiQJyaPTKsZdgNYZSBaV4yeqOr0m7Yj2ckGX.png', '2026-03-27 08:54:31', '2026-03-27 08:54:31'),
(9, 2, 'safaris/gallery/qahEpStvWsPtS8giDkSbI1AMyVNwrHQVp1CP5BAD.jpg', '2026-03-27 08:54:31', '2026-03-27 08:54:31'),
(10, 3, 'safaris/gallery/gW6lzogR3qEAZwK7ZrLre9voMbjjhNbS9PkBWtD1.jpg', '2026-03-27 13:23:10', '2026-03-27 13:23:10'),
(11, 3, 'safaris/gallery/pnnlT8GL0AGJDHg5CaPC5awiOdZweMB5G8V5OcXq.jpg', '2026-03-27 13:23:10', '2026-03-27 13:23:10'),
(12, 3, 'safaris/gallery/qYXHdanvgQ8RKd1HlbqwOLpB0iWALbIuISirnEKV.png', '2026-03-27 13:23:10', '2026-03-27 13:23:10'),
(13, 3, 'safaris/gallery/i1AHzE1eTH2c33WbDjUiEJ2GTJIE5mMxy70il5Ls.png', '2026-03-27 13:23:10', '2026-03-27 13:23:10'),
(14, 3, 'safaris/gallery/FiIVl9A51khhz46QcfWsHrWq2yDSPKD25nY1hJCn.png', '2026-03-27 13:23:10', '2026-03-27 13:23:10'),
(15, 3, 'safaris/gallery/nz29aqUfiqfg4RcuWQ5yoMRQV7d3P3XIgbGF2y6b.jpg', '2026-03-27 13:23:10', '2026-03-27 13:23:10');

DROP TABLE IF EXISTS `safari_packages`;
CREATE TABLE `safari_packages` (`id` BIGINT UNSIGNED NOT NULL AUTO_INCREMENT PRIMARY KEY, `title` VARCHAR(255) not null, `slug` VARCHAR(255) not null, `short_description` VARCHAR(255), `description` text, `duration` VARCHAR(255), `tour_type` VARCHAR(255), `category` VARCHAR(255), `difficulty` VARCHAR(255), `price` DECIMAL(10,2), `currency` VARCHAR(255) not null default ('USD'), `featured_image` VARCHAR(255), `video_url` VARCHAR(255), `map_image` VARCHAR(255), `map_embed` text, `status` VARCHAR(255) not null default ('draft'), `created_at` datetime, `updated_at` datetime, `featured` TINYINT(1) not null default ('0'), `tour_type_id` BIGINT, `category_id` BIGINT, `highlights` text, `included` text, `excluded` text, `highlights_title` VARCHAR(255), `highlights_intro` VARCHAR(255), `inclusions_title` VARCHAR(255), `inclusions_intro` VARCHAR(255), `overview_title` VARCHAR(255), `seasonal_pricing` text, `title_translations` text, `short_description_translations` text, `description_translations` text, `highlights_translations` text, `meta_title` VARCHAR(255), `meta_description` VARCHAR(255), `meta_keywords` VARCHAR(255), `og_image` VARCHAR(255), `highlights_title_translations` text, `highlights_intro_translations` text, `inclusions_title_translations` text, `inclusions_intro_translations` text, `overview_title_translations` text, `featured_order` BIGINT not null default '0', `featured_label` VARCHAR(255), foreign key(`tour_type_id`) references `tour_types`(`id`) on delete set null, foreign key(`category_id`) references `categories`(`id`) on delete set null) ENGINE=InnoDB DEFAULT CHARSET=utf8mb4 COLLATE=utf8mb4_unicode_ci;

INSERT INTO `safari_packages` (`id`, `title`, `slug`, `short_description`, `description`, `duration`, `tour_type`, `category`, `difficulty`, `price`, `currency`, `featured_image`, `video_url`, `map_image`, `map_embed`, `status`, `created_at`, `updated_at`, `featured`, `tour_type_id`, `category_id`, `highlights`, `included`, `excluded`, `highlights_title`, `highlights_intro`, `inclusions_title`, `inclusions_intro`, `overview_title`, `seasonal_pricing`, `title_translations`, `short_description_translations`, `description_translations`, `highlights_translations`, `meta_title`, `meta_description`, `meta_keywords`, `og_image`, `highlights_title_translations`, `highlights_intro_translations`, `inclusions_title_translations`, `inclusions_intro_translations`, `overview_title_translations`, `featured_order`, `featured_label`) VALUES
(2, '8 Days Tanzania Luxury Safari', '8-days-tanzania-luxury-safari', 'Embark on an extraordinary 8-day luxury safari through Tanzania’s most iconic destinations, beginning in the vibrant city of Arusha and venturing deep into the heart of the Northern Safari Circuit. This unforgettable journey blends breathtaking landscapes, extraordinary wildlife encounters, and rich cultural experiences, all while indulging in the comfort of Tanzania’s finest lodges and camps.', '<p>&lt;p&gt;&amp;lt;p&amp;gt;&amp;amp;lt;p&amp;amp;gt;&amp;amp;amp;lt;p&amp;amp;amp;gt;&amp;amp;amp;amp;lt;p&amp;amp;amp;amp;gt;Embark on an extraordinary 8-day luxury safari through Tanzania’s most iconic destinations, beginning in the vibrant city of Arusha and venturing deep into the heart of the Northern Safari Circuit. This unforgettable journey blends breathtaking landscapes, extraordinary wildlife encounters, and rich cultural experiences, all while indulging in the comfort of Tanzania’s finest lodges and camps.&amp;amp;amp;amp;lt;/p&amp;amp;amp;amp;gt;&amp;amp;amp;lt;/p&amp;amp;amp;gt;&amp;amp;lt;/p&amp;amp;gt;&amp;lt;/p&amp;gt;&lt;/p&gt;</p>', '8 Days / 7 Nights', NULL, NULL, NULL, NULL, 'USD', 'safaris/Sy6BdtdamfKGcVioraGTB6dbwtjfjZwRwVyYibru.png', NULL, NULL, NULL, 'published', '2026-03-27 08:54:31', '2026-04-02 23:55:49', 1, NULL, NULL, NULL, NULL, NULL, 'Highlights', 'The standout moments built into this safari.', 'Inclusions & Exclusions', 'A clear view of what is covered and what to plan for separately.', 'Experience Overview', NULL, '{"fr":"Safari de luxe en Tanzanie de 8 jours"}', '{"fr":"Embarquez pour un extraordinaire safari de luxe de 8 jours \u00e0 travers les destinations les plus embl\u00e9matiques de Tanzanie, en commen\u00e7ant par la ville anim\u00e9e d''Arusha et en vous aventurant au c\u0153ur du circuit Northern Safari. Ce voyage inoubliable allie des paysages \u00e0 couper le souffle, des rencontres extraordinaires avec la faune et des exp\u00e9riences culturelles riches, tout en profitant du confort des meilleurs lodges et camps de Tanzanie."}', '{"fr":"&lt;p&gt; &amp;lt;p&amp;gt\u00a0;Embarquez pour un extraordinaire safari de luxe de 8 jours \u00e0 travers les destinations les plus embl\u00e9matiques de Tanzanie, en commen\u00e7ant par la ville anim\u00e9e d''Arusha et en vous aventurant au c\u0153ur du circuit Northern Safari. Ce voyage inoubliable allie des paysages \u00e0 couper le souffle, des rencontres extraordinaires avec la faune et des exp\u00e9riences culturelles riches, tout en profitant du confort des meilleurs lodges et camps de Tanzanie. &amp;lt;\/p&amp;gt\u00a0;&lt;\/p&gt;"}', NULL, NULL, NULL, NULL, NULL, NULL, NULL, NULL, NULL, '{"fr":"Aper\u00e7u de l''exp\u00e9rience"}', 0, NULL),
(3, '6-Days Tanzania Safari Adventure', '6-days-tanzania-safari-adventure', 'This 6-day safari &amp;lt;/strong&amp;gt;takes you on an unforgettable journey through Tanzania’s most iconic parks: Tarangire, renowned for its elephants and baobab trees; the Serengeti, where the Great Migration unfolds amidst diverse predators;', '<p>arusha tanzania i love tanzania arusha tanzania i love tanzania arusha tanzania i love tanzania arusha tanzania i love tanzania arusha tanzania i love tanzania arusha tanzania i love tanzania arusha tanzania i love tanzania arusha tanzania i love tanzania arusha tanzania i love tanzania arusha tanzania i love tanzania arusha tanzania i love tanzania arusha tanzania i love tanzania arusha tanzania i love tanzania arusha tanzania i love tanzania arusha tanzania i love tanzania arusha tanzania i love tanzania arusha tanzania i love tanzania arusha tanzania i love tanzania arusha tanzania i love tanzania arusha tanzania i love tanzania arusha tanzania i love tanzania arusha tanzania i love tanzania arusha tanzania i love tanzania arusha tanzania i love tanzania arusha tanzania i love tanzania arusha tanzania i love tanzania arusha tanzania i love tanzania arusha tanzania i love tanzania arusha tanzania i love tanzania arusha tanzania i love tanzania arusha tanzania i love tanzania arusha tanzania i love tanzania arusha tanzania i love tanzania arusha tanzania i love tanzania arusha tanzania i love tanzania arusha tanzania i love tanzania arusha tanzania i love tanzania arusha tanzania i love tanzania arusha tanzania i love tanzania arusha tanzania i love tanzania arusha tanzania i love tanzania arusha tanzania i love tanzania </p>', '6 Days/ 5 Nights', NULL, NULL, NULL, NULL, 'USD', 'destinations/FLPYMMs6VLHRHfbPIaBRrr9KdIh0OZtrKWRVHW57.jpg', NULL, NULL, NULL, 'published', '2026-03-27 13:11:27', '2026-04-03 07:27:12', 1, 1, 1, '["Big Five safari","Luxury lodges","Serengeti migration"]', '["asasasasasasas","asasasas","as","asasas","as","as","asas","as","as","sasas"]', '["noooooooo","noooooooooooooo","nooooooooo","noooooooooooo","nooooooooooooooooooooooooo","nooooooooooooooooo","nnoooooooooooooooooo","ooooonoooooooooooooo"]', 'Highlights', 'The standout moments built into this safari.', 'Inclusions & Exclusions', 'A clear view of what is covered and what to plan for separately.', 'Tanzania Safari Adventure', NULL, '{"fr":"Aventure safari de 6 jours en Tanzanie","de":"6-t\u00e4giges Safari-Abenteuer in Tansania: Tarangire, Serengeti, Ngorongoro & Lake Manyara","es":"Aventura de safari de 6 d\u00edas por Tanzania: Tarangire, Serengeti, Ngorongoro y el lago Manyara"}', '{"fr":"Ce safari de 6 jours &amp;lt;\/strong&amp;gt\u00a0; vous emm\u00e8ne dans un voyage inoubliable \u00e0 travers les parcs les plus embl\u00e9matiques de Tanzanie\u00a0: Tarangire, r\u00e9put\u00e9 pour ses \u00e9l\u00e9phants et ses baobabs\u00a0; le Serengeti, o\u00f9 la Grande Migration se d\u00e9roule au milieu de divers pr\u00e9dateurs\u00a0;","de":"Diese 6-t\u00e4gige Safari &amp;lt;\/strong&amp;gt;nimmt Sie mit auf eine unvergessliche Reise durch Tansanias ber\u00fchmteste Parks: Tarangire, bekannt f\u00fcr seine Elefanten und Baobab-B\u00e4ume; die Serengeti, wo sich die Gro\u00dfe Migration inmitten verschiedener Raubtiere entfaltet;","es":"Este safari de 6 d\u00edas &amp;lt;\/strong&amp;gt; te lleva en un viaje inolvidable por los parques m\u00e1s emblem\u00e1ticos de Tanzania: Tarangire, famoso por sus elefantes y baobabs; el Serengeti, donde la Gran Migraci\u00f3n se desarrolla en medio de diversos depredadores;"}', '{"fr":"&lt;p&gt;Notre itin\u00e9raire soigneusement con\u00e7u d\u00e9crit chaque jour de votre voyage en d\u00e9tail, assurant une exp\u00e9rience de voyage transparente. De l''arriv\u00e9e au d\u00e9part, chaque \u00e9tape a \u00e9t\u00e9 soigneusement planifi\u00e9e pour maximiser le confort, la d\u00e9couverte et la valeur.","de":"&lt;p&gt;Unsere sorgf\u00e4ltig gestaltete Reiseroute beschreibt jeden Tag Ihrer Reise im Detail und sorgt f\u00fcr ein nahtloses Reiseerlebnis. Von der Ankunft bis zur Abreise wurde jeder Schritt sorgf\u00e4ltig geplant, um Komfort, Entdeckung und Wert zu maximieren","es":"&lt;p&gt;Nuestro itinerario cuidadosamente dise\u00f1ado describe cada d\u00eda de tu viaje en detalle, lo que garantiza una experiencia de viaje perfecta. Desde la llegada hasta la salida, cada paso se ha planificado cuidadosamente para maximizar la comodidad, el descubrimiento y el valor."}', NULL, NULL, NULL, NULL, NULL, '{"fr":"Nouveaut\u00e9s","de":"Highlights","es":"Destacados"}', '{"fr":"Les moments forts de ce safari.","de":"Die herausragenden Momente, die in diese Safari eingebaut sind.","es":"Los momentos m\u00e1s destacados de este safari."}', '{"fr":"Inclusions et exclusions","de":"Ein- und Ausschl\u00fcsse","es":"Inclusiones\/Exclusiones"}', '{"fr":"Une vision claire de ce qui est couvert et de ce qu''il faut planifier s\u00e9par\u00e9ment.","de":"Ein klarer \u00dcberblick dar\u00fcber, was abgedeckt ist und was separat zu planen ist.","es":"Una visi\u00f3n clara de lo que est\u00e1 cubierto y qu\u00e9 planificar por separado."}', '{"fr":"Aventure safari en Tanzanie","de":"Safari-Abenteuer in Tansania","es":"Aventura de safari en Tanzania"}', 0, NULL);

DROP TABLE IF EXISTS `safari_plans`;
CREATE TABLE `safari_plans` (`id` BIGINT UNSIGNED NOT NULL AUTO_INCREMENT PRIMARY KEY, `safari_package_id` BIGINT, `destinations` text, `months` text, `travel_group` VARCHAR(255), `interests` text, `budget_range` VARCHAR(255), `first_name` VARCHAR(255) not null, `last_name` VARCHAR(255) not null, `email` VARCHAR(255) not null, `country_code` VARCHAR(255), `phone` VARCHAR(255), `contact_methods` text, `wants_updates` TINYINT(1) not null default '0', `know_destination` VARCHAR(255), `created_at` datetime, `updated_at` datetime, foreign key(`safari_package_id`) references `safari_packages`(`id`) on delete set null) ENGINE=InnoDB DEFAULT CHARSET=utf8mb4 COLLATE=utf8mb4_unicode_ci;

INSERT INTO `safari_plans` (`id`, `safari_package_id`, `destinations`, `months`, `travel_group`, `interests`, `budget_range`, `first_name`, `last_name`, `email`, `country_code`, `phone`, `contact_methods`, `wants_updates`, `know_destination`, `created_at`, `updated_at`) VALUES
(1, 3, '["Serengeti National Park","Arusha","Lake Manyara National Park"]', '["January"]', 'Group', '[]', '$10,000 – $20,000', 'Roger', 'Emmanuel', 'Roger@SafarisWithAHeart.com', +255, 754853391, '["Email","Phone"]', 1, NULL, '2026-04-01 14:35:46', '2026-04-01 14:35:46'),
(2, NULL, '["Arusha National Park","Arusha"]', '["October"]', 'Group', '[]', '$2,000 – $5,000', 'Roger', 'Emmanuel', 'Roger@SafarisWithAHeart.com', +255, 754853391, '["WhatsApp","Phone"]', 1, 'Yes, I do!', '2026-04-01 14:51:33', '2026-04-01 14:51:33'),
(3, NULL, '["Arusha National Park"]', '["Novembre"]', 'Couple', '[]', '$2,000 – $5,000', 'Roger', 'Emmanuel', 'Roger@SafarisWithAHeart.com', +255, 754853391, '["WhatsApp","Phone"]', 1, 'Oui, je sais !', '2026-04-01 22:21:47', '2026-04-01 22:21:47');

DROP TABLE IF EXISTS `safari_requests`;
CREATE TABLE `safari_requests` (`id` BIGINT UNSIGNED NOT NULL AUTO_INCREMENT PRIMARY KEY, `agent_id` BIGINT not null, `client_name` VARCHAR(255) not null, `client_email` VARCHAR(255) not null, `client_phone` VARCHAR(255), `country` VARCHAR(255), `travel_date` date not null, `people` BIGINT not null default '1', `destinations` text, `activities` text, `notes` text, `status` VARCHAR(255) not null default 'new', `created_at` datetime, `updated_at` datetime, foreign key(`agent_id`) references `agents`(`id`) on delete cascade) ENGINE=InnoDB DEFAULT CHARSET=utf8mb4 COLLATE=utf8mb4_unicode_ci;

INSERT INTO `safari_requests` (`id`, `agent_id`, `client_name`, `client_email`, `client_phone`, `country`, `travel_date`, `people`, `destinations`, `activities`, `notes`, `status`, `created_at`, `updated_at`) VALUES
(1, 1, 'Roger Emmanuel', 'Roger@SafarisWithAHeart.com', '+27 458781324565', 'Tanzania', '2026-04-17 00:00:00', 2, '["3","2","1"]', '["Luxury"]', 'asasasasssssssssssssssssssssssssssssss', 'completed', '2026-04-01 16:39:33', '2026-04-01 16:40:48');

DROP TABLE IF EXISTS `seo_image_meta`;
CREATE TABLE `seo_image_meta` (`id` BIGINT UNSIGNED NOT NULL AUTO_INCREMENT PRIMARY KEY, `path` VARCHAR(255) not null, `alt_text` VARCHAR(255), `seo_filename` VARCHAR(255), `caption` VARCHAR(255), `is_optimized` TINYINT(1) not null default '0', `original_size` BIGINT, `optimized_size` BIGINT, `created_at` datetime, `updated_at` datetime) ENGINE=InnoDB DEFAULT CHARSET=utf8mb4 COLLATE=utf8mb4_unicode_ci;

INSERT INTO `seo_image_meta` (`id`, `path`, `alt_text`, `seo_filename`, `caption`, `is_optimized`, `original_size`, `optimized_size`, `created_at`, `updated_at`) VALUES
(1, 'accommodations/1mHWCry6qYMiTFC0Oid0S7GjahIGM8vhpMZFlkJw.png', '1m hwcry6q ymi tfc0oid0s7gjah igm8vhp mzflk jw', '1mhwcry6qymitfc0oid0s7gjahigm8vhpmzflkjw.png', NULL, 0, NULL, NULL, '2026-04-02 18:08:33', '2026-04-02 18:08:33'),
(2, 'accommodations/3uMgXzDt3GKCkqAGwk8sqteNDZuWElnOPD8PRKYZ.jpg', '3u mg xz dt3gkckq agwk8sqte ndzu weln opd8prkyz', '3umgxzdt3gkckqagwk8sqtendzuwelnopd8prkyz.jpg', NULL, 0, NULL, NULL, '2026-04-02 18:08:33', '2026-04-02 18:08:33'),
(3, 'accommodations/JmpNefBXQA4e9YQ5sZim8boMGttrO2nUTo3kMIPI.jpg', 'jmp nef bxqa4e9yq5s zim8bo mgttr o2n uto3k mipi', 'jmpnefbxqa4e9yq5szim8bomgttro2nuto3kmipi.jpg', NULL, 0, NULL, NULL, '2026-04-02 18:08:33', '2026-04-02 18:08:33'),
(4, 'accommodations/o2XqO1iL5HgzAIgissdhhIqPFswRSAzi11MTjlGu.png', 'o2xq o1i l5hgz aigissdhh iq pfsw rsazi11mtjl gu', 'o2xqo1il5hgzaigissdhhiqpfswrsazi11mtjlgu.png', NULL, 0, NULL, NULL, '2026-04-02 18:08:33', '2026-04-02 18:08:33'),
(5, 'accommodations/olU2N1yUihT8S2t0F9wszPVn8q6IJGGvKPDpzmEf.jpg', 'ol u2n1y uih t8s2t0f9wsz pvn8q6ijggv kpdpzm ef', 'olu2n1yuiht8s2t0f9wszpvn8q6ijggvkpdpzmef.jpg', NULL, 0, NULL, NULL, '2026-04-02 18:08:33', '2026-04-02 18:08:33'),
(6, 'accommodations/UvKwSKHntNxzsFMSDnyhpys2EpI17ijz16Jwub5v.jpg', 'uv kw skhnt nxzs fmsdnyhpys2ep i17ijz16jwub5v', 'uvkwskhntnxzsfmsdnyhpys2epi17ijz16jwub5v.jpg', NULL, 0, NULL, NULL, '2026-04-02 18:08:33', '2026-04-02 18:08:33'),
(7, 'blog/f9J6LSaLM1mBoNKv4c4Cw6M4gyJTYOnBjW4CVeks.webp', 'f9j6lsa lm1m bo nkv4c4cw6m4gy jtyon bj w4cveks', 'f9j6lsalm1mbonkv4c4cw6m4gyjtyonbjw4cveks.webp', NULL, 0, NULL, NULL, '2026-04-02 18:08:33', '2026-04-02 18:08:33'),
(8, 'countries/b3pjg3h4UktOoCh0ISZ9YcnsiEocC599rWwqrfkp.png', 'b3pjg3h4ukt oo ch0isz9ycnsi eoc c599r wwqrfkp', 'b3pjg3h4uktooch0isz9ycnsieocc599rwwqrfkp.png', NULL, 0, NULL, NULL, '2026-04-02 18:08:33', '2026-04-02 18:08:33'),
(9, 'destinations/BuM271d9OojuksaVdn77Djn9f7B58dSLRDxMmUfi.jpg', 'bu m271d9oojuksa vdn77djn9f7b58d slrdx mm ufi', 'bum271d9oojuksavdn77djn9f7b58dslrdxmmufi.jpg', NULL, 0, NULL, NULL, '2026-04-02 18:08:33', '2026-04-02 18:08:33'),
(10, 'destinations/FLPYMMs6VLHRHfbPIaBRrr9KdIh0OZtrKWRVHW57.jpg', 'flpymms6vlhrhfb pia brrr9kd ih0oztr kwrvhw57', 'flpymms6vlhrhfbpiabrrr9kdih0oztrkwrvhw57.jpg', NULL, 0, NULL, NULL, '2026-04-02 18:08:33', '2026-04-02 18:08:33'),
(11, 'destinations/HqMdNiFFepcNlQDKolaeVnfaIAzZbMkF1bHvBh4n.jpg', 'hq md ni ffepc nl qdkolae vnfa iaz zb mk f1b hv bh4n', 'hqmdniffepcnlqdkolaevnfaiazzbmkf1bhvbh4n.jpg', NULL, 0, NULL, NULL, '2026-04-02 18:08:33', '2026-04-02 18:08:33'),
(12, 'destinations/UjfJnNP4B26JfubB7AGOMygoTKZHBj2VgrrbVF6j.jpg', 'ujf jn np4b26jfub b7agomygo tkzhbj2vgrrb vf6j', 'ujfjnnp4b26jfubb7agomygotkzhbj2vgrrbvf6j.jpg', NULL, 0, NULL, NULL, '2026-04-02 18:08:33', '2026-04-02 18:08:33'),
(13, 'destinations/WN835Z2GeGeJr8burSgC4Vkk5QgGSc9DkJzzlfi0.jpg', 'wn835z2ge ge jr8bur sg c4vkk5qg gsc9dk jzzlfi0', 'wn835z2gegejr8bursgc4vkk5qggsc9dkjzzlfi0.jpg', NULL, 0, NULL, NULL, '2026-04-02 18:08:33', '2026-04-02 18:08:33'),
(14, 'itineraries/ILVAW5WoNGpPJOQKG0iaoF0BqbIdyFLcC1vg87Fq.webp', 'ilvaw5wo ngp pjoqkg0iao f0bqb idy flc c1vg87fq', 'ilvaw5wongppjoqkg0iaof0bqbidyflcc1vg87fq.webp', NULL, 0, NULL, NULL, '2026-04-02 18:08:33', '2026-04-02 18:08:33'),
(15, 'itineraries/J7j4r1j5TzoRrIkEhSDdgKAmHD3ZEdXGq13hhPMm.jpg', 'j7j4r1j5tzo rr ik eh sddg kam hd3zed xgq13hh pmm', 'j7j4r1j5tzorrikehsddgkamhd3zedxgq13hhpmm.jpg', NULL, 0, NULL, NULL, '2026-04-02 18:08:33', '2026-04-02 18:08:33'),
(16, 'itineraries/kFvof7ZxqkqqBaSmTn66QaXchejNGfWHvjCAud93.png', 'k fvof7zxqkqq ba sm tn66qa xchej ngf whvj caud93', 'kfvof7zxqkqqbasmtn66qaxchejngfwhvjcaud93.png', NULL, 0, NULL, NULL, '2026-04-02 18:08:33', '2026-04-02 18:08:33'),
(17, 'itineraries/TFWru34zhV3YuOgBJsvJyYiBCX5hHev7GnpOXpfn.jpg', 'tfwru34zh v3yu og bjsv jy yi bcx5h hev7gnp oxpfn', 'tfwru34zhv3yuogbjsvjyyibcx5hhev7gnpoxpfn.jpg', NULL, 0, NULL, NULL, '2026-04-02 18:08:33', '2026-04-02 18:08:33'),
(18, 'itineraries/uk3f81rGtyx0ofjGzG0pifZg0ze5UuXNkNNt9OTQ.jpg', 'uk3f81r gtyx0ofj gz g0pif zg0ze5uu xnk nnt9otq', 'uk3f81rgtyx0ofjgzg0pifzg0ze5uuxnknnt9otq.jpg', NULL, 0, NULL, NULL, '2026-04-02 18:08:33', '2026-04-02 18:08:33'),
(19, 'itineraries/wJ9r3hX7cwdkNsmH8K7VL88qGTPa8jZ2xh3w0WMy.jpg', 'w j9r3h x7cwdk nsm h8k7vl88q gtpa8j z2xh3w0wmy', 'wj9r3hx7cwdknsmh8k7vl88qgtpa8jz2xh3w0wmy.jpg', NULL, 0, NULL, NULL, '2026-04-02 18:08:33', '2026-04-02 18:08:33'),
(20, 'logo/G8ai80Dq8kXY2EvGZrkBoB2HAJEqr7PBvCGBZxZx.png', 'g8ai80dq8k xy2ev gzrk bo b2hajeqr7pbv cgbzx zx', 'g8ai80dq8kxy2evgzrkbob2hajeqr7pbvcgbzxzx.png', NULL, 0, NULL, NULL, '2026-04-02 18:08:33', '2026-04-02 18:08:33'),
(21, 'maps/safari-2.png', 'safari', 'safari-2.png', NULL, 0, NULL, NULL, '2026-04-02 18:08:33', '2026-04-02 18:08:33'),
(22, 'maps/safari-3.png', 'safari', 'safari-3.png', NULL, 0, NULL, NULL, '2026-04-02 18:08:33', '2026-04-02 18:08:33'),
(23, 'media/w3hC9c76LOmYxt3wtGRMYA6rgokYd9tlKSKx6cFs.webp', 'w3h c9c76lom yxt3wt grmya6rgok yd9tl kskx6c fs', 'w3hc9c76lomyxt3wtgrmya6rgokyd9tlkskx6cfs.webp', NULL, 0, NULL, NULL, '2026-04-02 18:08:33', '2026-04-02 18:08:33'),
(24, 'safaris/gallery/2eqC6ZYruxikV8otn0hkolOEzgKmBq4emZFnpAYp.jpg', '2eq c6zyruxik v8otn0hkol oezg km bq4em zfnp ayp', '2eqc6zyruxikv8otn0hkoloezgkmbq4emzfnpayp.jpg', NULL, 0, NULL, NULL, '2026-04-02 18:08:33', '2026-04-02 18:08:33'),
(25, 'safaris/gallery/4hUywc8BnBeXk5VfJwGQOCkMO8CbHKmBhRZRDqCa.jpg', '4h uywc8bn be xk5vf jw gqock mo8cb hkm bh rzrdq ca', '4huywc8bnbexk5vfjwgqockmo8cbhkmbhrzrdqca.jpg', NULL, 0, NULL, NULL, '2026-04-02 18:08:33', '2026-04-02 18:08:33'),
(26, 'safaris/gallery/FiIVl9A51khhz46QcfWsHrWq2yDSPKD25nY1hJCn.png', 'fi ivl9a51khhz46qcf ws hr wq2y dspkd25n y1h jcn', 'fiivl9a51khhz46qcfwshrwq2ydspkd25ny1hjcn.png', NULL, 0, NULL, NULL, '2026-04-02 18:08:33', '2026-04-02 18:08:33'),
(27, 'safaris/gallery/gW6lzogR3qEAZwK7ZrLre9voMbjjhNbS9PkBWtD1.jpg', 'g w6lzog r3q eazw k7zr lre9vo mbjjh nb s9pk bwt d1', 'gw6lzogr3qeazwk7zrlre9vombjjhnbs9pkbwtd1.jpg', NULL, 0, NULL, NULL, '2026-04-02 18:08:33', '2026-04-02 18:08:33'),
(28, 'safaris/gallery/i1AHzE1eTH2c33WbDjUiEJ2GTJIE5mMxy70il5Ls.png', 'i1ahz e1e th2c33wb dj ui ej2gtjie5m mxy70il5ls', 'i1ahze1eth2c33wbdjuiej2gtjie5mmxy70il5ls.png', NULL, 0, NULL, NULL, '2026-04-02 18:08:33', '2026-04-02 18:08:33'),
(29, 'safaris/gallery/nz29aqUfiqfg4RcuWQ5yoMRQV7d3P3XIgbGF2y6b.jpg', 'nz29aq ufiqfg4rcu wq5yo mrqv7d3p3xigb gf2y6b', 'nz29aqufiqfg4rcuwq5yomrqv7d3p3xigbgf2y6b.jpg', NULL, 0, NULL, NULL, '2026-04-02 18:08:33', '2026-04-02 18:08:33'),
(30, 'safaris/gallery/pnnlT8GL0AGJDHg5CaPC5awiOdZweMB5G8V5OcXq.jpg', 'pnnl t8gl0agjdhg5ca pc5awi od zwe mb5g8v5oc xq', 'pnnlt8gl0agjdhg5capc5awiodzwemb5g8v5ocxq.jpg', NULL, 0, NULL, NULL, '2026-04-02 18:08:33', '2026-04-02 18:08:33'),
(31, 'safaris/gallery/qahEpStvWsPtS8giDkSbI1AMyVNwrHQVp1CP5BAD.jpg', 'qah ep stv ws pt s8gi dk sb i1amy vnwr hqvp1cp5bad', 'qahepstvwspts8gidksbi1amyvnwrhqvp1cp5bad.jpg', NULL, 0, NULL, NULL, '2026-04-02 18:08:33', '2026-04-02 18:08:33'),
(32, 'safaris/gallery/QiwsKiQJyaPTKsZdgNYZSBaV4yeqOr0m7Yj2ckGX.png', 'qiws ki qjya ptks zdg nyzsba v4yeq or0m7yj2ck gx', 'qiwskiqjyaptkszdgnyzsbav4yeqor0m7yj2ckgx.png', NULL, 0, NULL, NULL, '2026-04-02 18:08:33', '2026-04-02 18:08:33'),
(33, 'safaris/gallery/qje770G5h1HG8wYXPjCTejIy4ZaNOWHnTLEqdFJm.jpg', 'qje770g5h1hg8w yxpj ctej iy4za nowhn tleqd fjm', 'qje770g5h1hg8wyxpjctejiy4zanowhntleqdfjm.jpg', NULL, 0, NULL, NULL, '2026-04-02 18:08:33', '2026-04-02 18:08:33'),
(34, 'safaris/gallery/qYXHdanvgQ8RKd1HlbqwOLpB0iWALbIuISirnEKV.png', 'q yxhdanvg q8rkd1hlbqw olp b0i walb iu isirn ekv', 'qyxhdanvgq8rkd1hlbqwolpb0iwalbiuisirnekv.png', NULL, 0, NULL, NULL, '2026-04-02 18:08:33', '2026-04-02 18:08:33'),
(35, 'safaris/J19HK7oWEeDQ2jyYrkRS7oFF5wmoPG1KiFNTSllc.png', 'j19hk7o wee dq2jy yrk rs7o ff5wmo pg1ki fntsllc', 'j19hk7oweedq2jyyrkrs7off5wmopg1kifntsllc.png', NULL, 0, NULL, NULL, '2026-04-02 18:08:33', '2026-04-02 18:08:33'),
(36, 'safaris/Sy6BdtdamfKGcVioraGTB6dbwtjfjZwRwVyYibru.png', 'sy6bdtdamf kgc viora gtb6dbwtjfj zw rw vy yibru', 'sy6bdtdamfkgcvioragtb6dbwtjfjzwrwvyyibru.png', NULL, 0, NULL, NULL, '2026-04-02 18:08:33', '2026-04-02 18:08:33'),
(37, 'tour-types/LG0UVwK7nC8TSZadXgzd0vcy0Agz8sgygMPIcldN.webp', 'lg0uvw k7n c8tszad xgzd0vcy0agz8sgyg mpicld n', 'lg0uvwk7nc8tszadxgzd0vcy0agz8sgygmpicldn.webp', NULL, 0, NULL, NULL, '2026-04-02 18:08:33', '2026-04-02 18:08:33');

DROP TABLE IF EXISTS `seo_keywords`;
CREATE TABLE `seo_keywords` (`id` BIGINT UNSIGNED NOT NULL AUTO_INCREMENT PRIMARY KEY, `keyword` VARCHAR(255) not null, `intent` VARCHAR(255) not null default 'informational', `volume` BIGINT, `difficulty` BIGINT, `target_url` VARCHAR(255), `country` VARCHAR(255), `group` VARCHAR(255), `priority` BIGINT not null default '50', `created_at` datetime, `updated_at` datetime) ENGINE=InnoDB DEFAULT CHARSET=utf8mb4 COLLATE=utf8mb4_unicode_ci;


DROP TABLE IF EXISTS `seo_link_rules`;
CREATE TABLE `seo_link_rules` (`id` BIGINT UNSIGNED NOT NULL AUTO_INCREMENT PRIMARY KEY, `keyword` VARCHAR(255) not null, `url` VARCHAR(255) not null, `anchor_text` VARCHAR(255), `priority` BIGINT not null default '50', `is_active` TINYINT(1) not null default '1', `created_at` datetime, `updated_at` datetime) ENGINE=InnoDB DEFAULT CHARSET=utf8mb4 COLLATE=utf8mb4_unicode_ci;


DROP TABLE IF EXISTS `seo_markets`;
CREATE TABLE `seo_markets` (`id` BIGINT UNSIGNED NOT NULL AUTO_INCREMENT PRIMARY KEY, `slug` VARCHAR(255) not null, `target_country` VARCHAR(255) not null, `source_market` VARCHAR(255) not null, `title` VARCHAR(255) not null, `meta_title` VARCHAR(255), `meta_description` VARCHAR(255), `intro_content` text, `flights_info` text, `visa_info` text, `travel_tips` text, `best_routes` text, `pricing_info` text, `featured_image` VARCHAR(255), `title_translations` text, `intro_translations` text, `is_published` TINYINT(1) not null default '1', `created_at` datetime, `updated_at` datetime) ENGINE=InnoDB DEFAULT CHARSET=utf8mb4 COLLATE=utf8mb4_unicode_ci;


DROP TABLE IF EXISTS `seo_meta`;
CREATE TABLE `seo_meta` (`id` BIGINT UNSIGNED NOT NULL AUTO_INCREMENT PRIMARY KEY, `seoable_type` VARCHAR(255) not null, `seoable_id` BIGINT not null, `locale` VARCHAR(255) not null default 'en', `focus_keyword` VARCHAR(255), `secondary_keywords` VARCHAR(255), `slug_preview` VARCHAR(255), `seo_score` BIGINT not null default '0', `readability_score` BIGINT not null default '0', `analysis_data` text, `last_analyzed_at` datetime, `created_at` datetime, `updated_at` datetime) ENGINE=InnoDB DEFAULT CHARSET=utf8mb4 COLLATE=utf8mb4_unicode_ci;


DROP TABLE IF EXISTS `seo_pages`;
CREATE TABLE `seo_pages` (`id` BIGINT UNSIGNED NOT NULL AUTO_INCREMENT PRIMARY KEY, `slug` VARCHAR(255) not null, `type` VARCHAR(255) not null, `title` VARCHAR(255) not null, `meta_title` VARCHAR(255), `meta_description` VARCHAR(255), `meta_keywords` VARCHAR(255), `intro_content` text, `body_content` text, `featured_image` VARCHAR(255), `filter_criteria` text, `title_translations` text, `intro_translations` text, `body_translations` text, `is_auto_generated` TINYINT(1) not null default '1', `is_published` TINYINT(1) not null default '1', `views` BIGINT not null default '0', `created_at` datetime, `updated_at` datetime) ENGINE=InnoDB DEFAULT CHARSET=utf8mb4 COLLATE=utf8mb4_unicode_ci;


DROP TABLE IF EXISTS `seo_rank_alerts`;
CREATE TABLE `seo_rank_alerts` (`id` BIGINT UNSIGNED NOT NULL AUTO_INCREMENT PRIMARY KEY, `seo_ranking_id` BIGINT not null, `type` VARCHAR(255) not null, `old_position` BIGINT, `new_position` BIGINT, `is_read` TINYINT(1) not null default '0', `created_at` datetime, `updated_at` datetime, foreign key(`seo_ranking_id`) references `seo_rankings`(`id`) on delete cascade) ENGINE=InnoDB DEFAULT CHARSET=utf8mb4 COLLATE=utf8mb4_unicode_ci;


DROP TABLE IF EXISTS `seo_rankings`;
CREATE TABLE `seo_rankings` (`id` BIGINT UNSIGNED NOT NULL AUTO_INCREMENT PRIMARY KEY, `keyword` VARCHAR(255) not null, `url` VARCHAR(255) not null, `position` BIGINT, `previous_position` BIGINT, `search_engine` VARCHAR(255) not null default 'google', `locale` VARCHAR(255) not null default 'en', `history` text, `last_checked_at` datetime, `created_at` datetime, `updated_at` datetime) ENGINE=InnoDB DEFAULT CHARSET=utf8mb4 COLLATE=utf8mb4_unicode_ci;


DROP TABLE IF EXISTS `sessions`;
CREATE TABLE `sessions` (`id` VARCHAR(255) not null, `user_id` BIGINT, `ip_address` VARCHAR(255), `user_agent` text, `payload` text not null, `last_activity` BIGINT not null, primary key (`id`)) ENGINE=InnoDB DEFAULT CHARSET=utf8mb4 COLLATE=utf8mb4_unicode_ci;

INSERT INTO `sessions` (`id`, `user_id`, `ip_address`, `user_agent`, `payload`, `last_activity`) VALUES
('xPk0wpHPkCMboNt31tQNruk3eJJIvWtXPeHiY36u', NULL, '127.0.0.1', 'Mozilla/5.0 (Windows NT 10.0; Win64; x64) AppleWebKit/537.36 (KHTML, like Gecko) Chrome/145.0.0.0 Safari/537.36 Avira/145.0.34271.162', 'eyJfdG9rZW4iOiJJeDlYb2NjY09EeFN1Mm53UTdmeTlNOEtSQ2JmRWFwVEdDRFZDWGNXIiwiX2ZsYXNoIjp7Im9sZCI6W10sIm5ldyI6W119LCJfcHJldmlvdXMiOnsidXJsIjoiaHR0cDpcL1wvMTI3LjAuMC4xOjgwMDBcL2xvZ2luIiwicm91dGUiOiJsb2dpbiJ9fQ==', 1775313495);

DROP TABLE IF EXISTS `settings`;
CREATE TABLE `settings` (`id` BIGINT UNSIGNED NOT NULL AUTO_INCREMENT PRIMARY KEY, `site_name` VARCHAR(255) not null default 'Lomo Tanzania Safari', `tagline` VARCHAR(255), `logo_path` VARCHAR(255), `created_at` datetime, `updated_at` datetime, `notification_email` VARCHAR(255), `notify_inquiry` TINYINT(1) not null default '1', `notify_safari_request` TINYINT(1) not null default '1', `notify_safari_plan` TINYINT(1) not null default '1', `meta_description` VARCHAR(255), `default_og_image` VARCHAR(255), `google_analytics_id` VARCHAR(255), `google_search_console` VARCHAR(255)) ENGINE=InnoDB DEFAULT CHARSET=utf8mb4 COLLATE=utf8mb4_unicode_ci;

INSERT INTO `settings` (`id`, `site_name`, `tagline`, `logo_path`, `created_at`, `updated_at`, `notification_email`, `notify_inquiry`, `notify_safari_request`, `notify_safari_plan`, `meta_description`, `default_og_image`, `google_analytics_id`, `google_search_console`) VALUES
(1, 'Lomo Tanzania Safari', NULL, 'logo/G8ai80Dq8kXY2EvGZrkBoB2HAJEqr7PBvCGBZxZx.png', '2026-04-01 14:52:21', '2026-04-01 14:53:30', NULL, 1, 1, 1, NULL, NULL, NULL, NULL);

DROP TABLE IF EXISTS `testimonials`;
CREATE TABLE `testimonials` (`id` BIGINT UNSIGNED NOT NULL AUTO_INCREMENT PRIMARY KEY, `safari_package_id` BIGINT not null, `name` VARCHAR(255) not null, `message` text not null, `rating` BIGINT not null, `approved` TINYINT(1) not null default '0', `created_at` datetime, `updated_at` datetime, foreign key(`safari_package_id`) references `safari_packages`(`id`) on delete cascade) ENGINE=InnoDB DEFAULT CHARSET=utf8mb4 COLLATE=utf8mb4_unicode_ci;


DROP TABLE IF EXISTS `tour_types`;
CREATE TABLE `tour_types` (`id` BIGINT UNSIGNED NOT NULL AUTO_INCREMENT PRIMARY KEY, `name` VARCHAR(255) not null, `slug` VARCHAR(255) not null, `created_at` datetime, `updated_at` datetime, `description` text, `featured_image` VARCHAR(255), `name_translations` text, `description_translations` text, `meta_title` VARCHAR(255), `meta_description` text, `meta_keywords` VARCHAR(255), `og_image` VARCHAR(255)) ENGINE=InnoDB DEFAULT CHARSET=utf8mb4 COLLATE=utf8mb4_unicode_ci;

INSERT INTO `tour_types` (`id`, `name`, `slug`, `created_at`, `updated_at`, `description`, `featured_image`, `name_translations`, `description_translations`, `meta_title`, `meta_description`, `meta_keywords`, `og_image`) VALUES
(1, 'Wildlife Safari', 'wildlife-safari', '2026-04-01 23:53:24', '2026-04-02 15:45:13', NULL, 'tour-types/LG0UVwK7nC8TSZadXgzd0vcy0Agz8sgygMPIcldN.webp', '{"fr":"Wildlife Safari","de":"Wildtiersafari","es":"Safari por la vida silvestre"}', NULL, NULL, NULL, NULL, NULL);

DROP TABLE IF EXISTS `users`;
CREATE TABLE `users` (`id` BIGINT UNSIGNED NOT NULL AUTO_INCREMENT PRIMARY KEY, `name` VARCHAR(255) not null, `email` VARCHAR(255) not null, `email_verified_at` datetime, `password` VARCHAR(255) not null, `remember_token` VARCHAR(255), `created_at` datetime, `updated_at` datetime, `role` VARCHAR(255) not null default 'admin') ENGINE=InnoDB DEFAULT CHARSET=utf8mb4 COLLATE=utf8mb4_unicode_ci;

INSERT INTO `users` (`id`, `name`, `email`, `email_verified_at`, `password`, `remember_token`, `created_at`, `updated_at`, `role`) VALUES
(1, 'Super Admin', 'admin@lomotanzania.com', '2026-03-27 00:50:37', '$2y$12$awAs2BqCHRO4muWPuvI1E.zAI0XHaPGpzeDd.EJS0pI2XyajQgJEK', 'l3FdQkM1eTggMwx7BC21H43NnpYRP5hMElIuRYtA05QdciRD155KZZuCnBEG', '2026-03-27 00:50:37', '2026-03-27 00:50:37', 'super_admin'),
(2, 'scop', 'scopkariah@gmail.com', NULL, '$2y$12$DkdovqFSweCAARMsawZ0/eLpK.AhfMKtH.WYeBc4tJP3Asuvihkz6', 'k7GdBcichEtFW2XWWhT2GJeby29M3R4vJQlDKFOTIdgeE5JFRdKk4yNCKP2c', '2026-04-01 15:17:38', '2026-04-01 15:17:38', 'agent');

SET FOREIGN_KEY_CHECKS = 1;
